object,trial,arm,grasp_id,confidence,patch_radius,patch_epi_mean,patch_epi_p95,patch_n,sens_lo_radius,patch_epi_mean_sens_lo,sens_hi_radius,patch_epi_mean_sens_hi,duarte_sigma_sum,duarte_box_n,geometry_gate_pass,uq_rejected,chosen,executed,lift_success
005_tomato_soup_can,s0_partial_only_005_tomato_soup_can_t0,partial_only,1,0.942991,,,,,,,,,,,1,0,1,1,0
005_tomato_soup_can,s0_partial_only_005_tomato_soup_can_t1,partial_only,10,0.924222,,,,,,,,,,,1,0,1,1,0
005_tomato_soup_can,s0_partial_only_005_tomato_soup_can_t2,partial_only,10,0.927316,,,,,,,,,,,1,0,1,1,0
005_tomato_soup_can,s0_partial_only_005_tomato_soup_can_t3,partial_only,30,0.935847,,,,,,,,,,,1,0,1,1,1
005_tomato_soup_can,s0_partial_only_005_tomato_soup_can_t4,partial_only,1,0.951630,,,,,,,,,,,1,0,1,1,0
005_tomato_soup_can,s0_partial_only_005_tomato_soup_can_t5,partial_only,20,0.925673,,,,,,,,,,,1,0,1,1,1
005_tomato_soup_can,s0_partial_only_005_tomato_soup_can_t6,partial_only,14,0.924401,,,,,,,,,,,1,0,1,1,0
005_tomato_soup_can,s0_partial_only_005_tomato_soup_can_t7,partial_only,36,0.947153,,,,,,,,,,,1,0,1,1,1
005_tomato_soup_can,s0_partial_only_005_tomato_soup_can_t8,partial_only,1,0.950266,,,,,,,,,,,1,0,1,1,0
005_tomato_soup_can,s0_partial_only_005_tomato_soup_can_t9,partial_only,11,0.929582,,,,,,,,,,,1,0,1,1,0
011_banana,s0_partial_only_011_banana_t0,partial_only,1056,0.886190,,,,,,,,,,,1,0,1,1,0
011_banana,s0_partial_only_011_banana_t1,partial_only,1646,0.604408,,,,,,,,,,,1,0,1,1,0
011_banana,s0_partial_only_011_banana_t2,partial_only,1951,0.039732,,,,,,,,,,,1,0,1,1,0
011_banana,s0_partial_only_011_banana_t3,partial_only,1207,0.833004,,,,,,,,,,,1,0,1,1,1
011_banana,s0_partial_only_011_banana_t4,partial_only,1794,0.368307,,,,,,,,,,,1,0,1,1,1
011_banana,s0_partial_only_011_banana_t5,partial_only,1709,0.541371,,,,,,,,,,,1,0,1,1,0
011_banana,s0_partial_only_011_banana_t6,partial_only,1093,0.886471,,,,,,,,,,,1,0,1,1,0
011_banana,s0_partial_only_011_banana_t7,partial_only,1704,0.476458,,,,,,,,,,,1,0,1,1,0
011_banana,s0_partial_only_011_banana_t8,partial_only,0,0.993390,,,,,,,,,,,0,0,1,1,
011_banana,s0_partial_only_011_banana_t9,partial_only,1433,0.751623,,,,,,,,,,,1,0,1,1,0
025_mug,s0_complete_only_025_mug_t0,complete_only,1733,0.217965,0.020282,1.292008e-06,4.634967e-06,309,0.013521,3.766326e-07,0.027042,2.594438e-06,0.000000e+00,28,1,0,1,1,0
025_mug,s0_complete_only_025_mug_t1,complete_only,1232,0.301777,0.020952,2.610755e-06,9.033766e-06,1202,0.013968,2.633305e-06,0.027936,5.064717e-06,3.121744e-01,358,1,0,1,1,0
025_mug,s0_complete_only_025_mug_t2,complete_only,1636,0.291382,0.021203,1.154174e-06,2.493169e-06,542,0.014135,9.293216e-07,0.028271,1.268608e-06,1.175497e-01,151,1,0,1,1,0
025_mug,s0_complete_only_025_mug_t3,complete_only,1630,0.231596,0.021438,1.313841e-06,2.460573e-06,475,0.014292,1.386468e-06,0.028584,1.192100e-06,2.798670e-01,326,1,0,1,1,0
025_mug,s0_complete_only_025_mug_t4,complete_only,1099,0.409289,0.020430,3.190207e-06,7.495912e-06,722,0.013620,2.344717e-06,0.027240,4.022168e-06,2.645466e-01,267,1,0,1,1,0
025_mug,s0_complete_only_025_mug_t5,complete_only,1799,0.223925,0.021393,1.090518e-06,1.991045e-06,579,0.014262,1.218477e-06,0.028524,1.009751e-06,1.212687e-01,205,1,0,1,1,0
025_mug,s0_complete_only_025_mug_t6,complete_only,1204,0.459306,0.020401,7.669370e-06,3.019543e-05,1420,0.013601,5.459274e-06,0.027201,9.504228e-06,7.389681e-01,827,1,0,1,1,1
025_mug,s0_complete_only_025_mug_t7,complete_only,1684,0.415264,0.019026,9.091893e-07,1.671579e-06,433,0.012684,9.835102e-07,0.025368,8.730383e-07,1.146624e-01,176,1,0,1,1,0
025_mug,s0_complete_only_025_mug_t8,complete_only,1647,0.266570,0.020745,1.788560e-06,4.217710e-06,430,0.013830,2.020665e-06,0.027660,1.541047e-06,3.818443e-03,73,1,0,1,1,0
025_mug,s0_complete_only_025_mug_t9,complete_only,1146,0.416432,0.020674,5.931778e-06,1.567429e-05,595,0.013783,4.436747e-06,0.027566,1.077034e-05,1.797326e-01,280,1,0,1,1,1
005_tomato_soup_can,s0_complete_epi_005_tomato_soup_can_t0,complete_epi,0,0.899741,0.019443,1.231285e-06,1.355723e-06,589,0.012962,1.266158e-06,0.025923,1.141822e-06,3.747434e-01,651,0,0,1,1,
005_tomato_soup_can,s0_complete_epi_005_tomato_soup_can_t1,complete_epi,0,0.890230,0.019328,8.475253e-07,1.301790e-06,807,0.012886,9.097540e-07,0.025771,8.611079e-07,6.615374e-01,785,0,0,1,1,
005_tomato_soup_can,s0_complete_epi_005_tomato_soup_can_t2,complete_epi,0,0.898910,0.019207,1.107433e-06,1.233810e-06,901,0.012805,1.111507e-06,0.025610,1.106972e-06,7.190973e-01,926,0,0,1,1,
005_tomato_soup_can,s0_complete_epi_005_tomato_soup_can_t3,complete_epi,0,0.907983,0.019309,1.099131e-06,1.404412e-06,843,0.012872,1.104811e-06,0.025745,1.097666e-06,6.684011e-01,865,1,0,1,1,
005_tomato_soup_can,s0_complete_epi_005_tomato_soup_can_t4,complete_epi,0,0.899458,0.019199,7.036300e-07,1.746574e-06,376,0.012800,8.204673e-07,0.025599,6.816790e-07,2.887267e-01,588,0,0,1,1,
005_tomato_soup_can,s0_complete_epi_005_tomato_soup_can_t5,complete_epi,0,0.902157,0.019283,1.072698e-06,2.160260e-06,608,0.012856,1.043074e-06,0.025711,1.120641e-06,3.685120e-01,569,0,0,1,1,
005_tomato_soup_can,s0_complete_epi_005_tomato_soup_can_t6,complete_epi,0,0.899430,0.019245,1.098104e-06,1.358154e-06,860,0.012830,1.103183e-06,0.025660,1.087218e-06,6.577705e-01,831,0,0,1,1,
005_tomato_soup_can,s0_complete_epi_005_tomato_soup_can_t7,complete_epi,0,0.885651,0.019290,1.154702e-06,1.373900e-06,860,0.012860,1.147508e-06,0.025720,1.157447e-06,7.185520e-01,880,0,0,1,1,
005_tomato_soup_can,s0_complete_epi_005_tomato_soup_can_t8,complete_epi,0,0.907711,0.019103,1.251359e-06,1.402876e-06,858,0.012736,1.271444e-06,0.025471,1.234210e-06,7.405314e-01,930,0,0,1,1,
005_tomato_soup_can,s0_complete_epi_005_tomato_soup_can_t9,complete_epi,0,0.898175,0.019443,1.104050e-06,1.251796e-06,934,0.012962,1.106241e-06,0.025925,1.097010e-06,6.255658e-01,795,0,0,1,1,
011_banana,s0_complete_epi_011_banana_t0,complete_epi,0,0.972195,0.032890,7.685924e-06,3.349326e-05,2096,0.021927,3.006083e-06,0.043854,1.465577e-05,3.590976e-01,280,0,0,1,1,
011_banana,s0_complete_epi_011_banana_t1,complete_epi,0,0.967255,0.033817,4.693628e-05,7.443867e-05,3399,0.022544,3.475119e-05,0.045089,7.052784e-05,6.575965e-01,554,0,0,1,1,
011_banana,s0_complete_epi_011_banana_t2,complete_epi,0,0.973265,0.032543,3.018283e-05,1.384377e-04,3390,0.021695,2.863963e-05,0.043390,4.362263e-05,1.237557e+00,617,0,0,1,1,
011_banana,s0_complete_epi_011_banana_t3,complete_epi,0,0.973489,0.033887,2.430077e-05,3.996003e-05,4299,0.022591,1.314518e-05,0.045182,3.205927e-05,5.879724e-01,366,0,0,1,1,
011_banana,s0_complete_epi_011_banana_t4,complete_epi,0,0.954809,0.032001,4.353215e-04,1.257716e-03,985,0.021334,4.521352e-04,0.042668,3.557822e-04,1.598956e+00,109,0,0,1,1,
011_banana,s0_complete_epi_011_banana_t5,complete_epi,0,0.976906,0.032562,1.390039e-04,8.243177e-04,1977,0.021708,4.549506e-04,0.043416,5.968109e-05,1.741291e+00,282,0,0,1,1,
011_banana,s0_complete_epi_011_banana_t6,complete_epi,0,0.967632,0.029806,5.260045e-05,2.874791e-04,2797,0.019871,2.854363e-05,0.039742,7.396121e-05,1.517547e+00,708,0,0,1,1,
011_banana,s0_complete_epi_011_banana_t7,complete_epi,0,0.961090,0.030838,2.149107e-05,1.333147e-04,2889,0.020559,2.124038e-05,0.041118,1.610540e-05,1.661415e+00,1011,0,0,1,1,
011_banana,s0_complete_epi_011_banana_t8,complete_epi,0,0.967428,0.031585,1.336113e-05,4.105818e-05,1568,0.021056,1.928990e-05,0.042113,9.949835e-06,1.342209e+00,468,0,0,1,1,
011_banana,s0_complete_epi_011_banana_t0,complete_epi,0,0.969685,0.032890,1.589223e-05,7.826625e-05,2754,0.021927,9.688327e-06,0.043854,2.577010e-05,5.021066e-01,373,0,0,1,1,
011_banana,s0_complete_epi_011_banana_t1,complete_epi,0,0.968516,0.033817,4.693628e-05,7.443867e-05,3428,0.022544,3.475119e-05,0.045089,7.052784e-05,7.343224e-01,580,0,0,1,1,
011_banana,s0_complete_epi_011_banana_t2,complete_epi,0,0.977071,0.032543,3.018283e-05,1.384377e-04,3390,0.021695,2.863963e-05,0.043390,4.362263e-05,1.261343e+00,616,0,0,1,1,
011_banana,s0_complete_epi_011_banana_t3,complete_epi,0,0.970536,0.033887,1.343246e-05,3.361216e-05,4862,0.022591,7.283704e-06,0.045182,2.852232e-05,6.890354e-01,371,0,0,1,1,
011_banana,s0_complete_epi_011_banana_t4,complete_epi,0,0.954054,0.032001,3.514567e-04,8.916662e-04,1105,0.021334,3.392824e-04,0.042668,2.236953e-04,1.087936e+00,89,0,0,1,1,
011_banana,s0_complete_epi_011_banana_t5,complete_epi,0,0.977457,0.032562,4.659778e-04,1.496464e-03,1632,0.021708,7.670869e-04,0.043416,1.484453e-04,1.699216e+00,258,0,0,1,1,
021_bleach_cleanser,s0_complete_epi_021_bleach_cleanser_t0,complete_epi,2,0.946312,0.042569,5.929644e-07,3.870059e-06,591,0.028379,2.143734e-08,0.056759,3.494420e-06,0.000000e+00,112,1,0,1,1,0
021_bleach_cleanser,s0_complete_epi_021_bleach_cleanser_t1,complete_epi,0,0.948480,0.042328,5.878955e-06,3.134085e-05,967,0.028219,1.031032e-05,0.056438,5.699475e-06,1.077512e-01,111,1,0,1,1,0
021_bleach_cleanser,s0_complete_epi_021_bleach_cleanser_t2,complete_epi,170,0.933303,0.043550,2.722378e-05,1.169217e-04,1688,0.029033,3.498703e-05,0.058066,2.176920e-05,7.962769e-01,380,1,0,1,1,0
021_bleach_cleanser,s0_complete_epi_021_bleach_cleanser_t3,complete_epi,3,0.959142,0.042329,2.908044e-05,2.262077e-04,4003,0.028219,2.835043e-05,0.056438,2.001812e-05,1.423544e+00,430,1,0,1,1,0
021_bleach_cleanser,s0_complete_epi_021_bleach_cleanser_t4,complete_epi,206,0.864142,0.041192,1.243741e-05,4.520665e-05,3632,0.027462,1.269550e-05,0.054923,1.017455e-05,1.727599e+00,775,1,0,1,1,0
021_bleach_cleanser,s0_complete_epi_021_bleach_cleanser_t5,complete_epi,175,0.937071,0.043431,1.700296e-05,7.239199e-05,2598,0.028954,2.065065e-05,0.057908,1.689121e-05,1.083521e+00,665,1,0,1,1,1
021_bleach_cleanser,s0_complete_epi_021_bleach_cleanser_t6,complete_epi,0,0.955227,0.042192,1.489198e-06,1.315785e-05,437,0.028128,2.720881e-07,0.056256,1.559998e-06,0.000000e+00,128,1,0,1,1,0
021_bleach_cleanser,s0_complete_epi_021_bleach_cleanser_t7,complete_epi,6,0.957350,0.038727,2.495311e-06,4.254844e-06,2274,0.025818,2.704367e-06,0.051636,2.222015e-06,4.028026e-01,444,1,0,1,1,1
021_bleach_cleanser,s0_complete_epi_021_bleach_cleanser_t8,complete_epi,267,0.916408,0.042681,8.993932e-06,3.404887e-05,3347,0.028454,8.957181e-06,0.056908,9.801033e-06,6.837921e-01,341,1,0,1,1,0
021_bleach_cleanser,s0_complete_epi_021_bleach_cleanser_t9,complete_epi,27,0.932243,0.042297,2.775122e-06,1.812442e-05,768,0.028198,3.558870e-06,0.056397,8.233004e-06,6.135106e-02,113,1,0,1,1,0
011_banana,s0_complete_epi_011_banana_t0,complete_epi,971,0.851538,0.032890,4.286112e-05,1.496616e-04,1518,0.021927,2.486587e-05,0.043854,5.141623e-05,3.239634e-01,433,1,0,1,1,1
011_banana,s0_complete_epi_011_banana_t1,complete_epi,0,0.962480,0.033817,6.667472e-05,5.757147e-04,3928,0.022544,3.618723e-05,0.045089,7.804208e-05,1.137542e+00,863,0,0,1,1,
011_banana,s0_complete_epi_011_banana_t2,complete_epi,0,0.978853,0.032543,3.673549e-05,1.666576e-04,3195,0.021695,4.275199e-05,0.043390,4.676700e-05,1.608447e+00,674,0,0,1,1,
011_banana,s0_complete_epi_011_banana_t3,complete_epi,783,0.857811,0.033887,5.679437e-06,1.442737e-05,1650,0.022591,1.046120e-06,0.045182,2.021886e-05,0.000000e+00,306,1,0,1,1,0
011_banana,s0_complete_epi_011_banana_t4,complete_epi,1447,0.612639,0.032001,7.074308e-06,1.556291e-05,1958,0.021334,3.702875e-06,0.042668,1.695442e-05,6.217148e-01,446,1,0,1,1,0
011_banana,s0_complete_epi_011_banana_t5,complete_epi,0,0.975735,0.032562,4.167855e-04,1.420383e-03,1621,0.021708,6.147270e-04,0.043416,1.231343e-04,1.562471e+00,266,0,0,1,1,
011_banana,s0_complete_epi_011_banana_t6,complete_epi,1636,0.439993,0.029806,2.954589e-04,1.389797e-03,2091,0.019871,5.155139e-04,0.039742,2.699730e-04,2.657545e+00,772,1,0,1,1,0
011_banana,s0_complete_epi_011_banana_t7,complete_epi,1324,0.680120,0.030838,2.083287e-05,1.042704e-04,2271,0.020559,2.784725e-05,0.041118,2.044217e-05,1.088188e+00,731,1,0,1,1,0
011_banana,s0_complete_epi_011_banana_t8,complete_epi,0,0.966679,0.031585,1.336113e-05,4.105818e-05,1568,0.021056,1.928990e-05,0.042113,9.949835e-06,1.306539e+00,462,0,0,1,1,
011_banana,s0_complete_epi_011_banana_t9,complete_epi,916,0.841191,0.030030,3.802921e-05,1.169869e-04,2194,0.020020,3.843430e-05,0.040040,7.257194e-05,1.018639e+00,698,1,0,1,1,0
006_mustard_bottle,s0_duarte_mcd_006_mustard_bottle_t0,duarte_mcd,314,0.910970,,,,,,,,,1.108292e-02,108,1,0,1,1,0
006_mustard_bottle,s0_duarte_mcd_006_mustard_bottle_t1,duarte_mcd,257,0.898316,,,,,,,,,3.016380e-01,376,1,0,1,1,0
006_mustard_bottle,s0_duarte_mcd_006_mustard_bottle_t2,duarte_mcd,129,0.945107,,,,,,,,,2.272634e-01,291,1,0,1,1,0
006_mustard_bottle,s0_duarte_mcd_006_mustard_bottle_t3,duarte_mcd,261,0.914858,,,,,,,,,1.176724e-01,198,1,0,1,1,0
006_mustard_bottle,s0_duarte_mcd_006_mustard_bottle_t4,duarte_mcd,45,0.952993,,,,,,,,,7.786839e-02,164,1,0,1,1,0
006_mustard_bottle,s0_duarte_mcd_006_mustard_bottle_t5,duarte_mcd,37,0.951901,,,,,,,,,1.485925e-01,234,1,0,1,1,0
006_mustard_bottle,s0_duarte_mcd_006_mustard_bottle_t6,duarte_mcd,41,0.921610,,,,,,,,,1.339004e-01,211,1,0,1,1,0
006_mustard_bottle,s0_duarte_mcd_006_mustard_bottle_t7,duarte_mcd,83,0.962216,,,,,,,,,1.577756e-01,363,1,0,1,1,0
006_mustard_bottle,s0_duarte_mcd_006_mustard_bottle_t8,duarte_mcd,750,0.897997,,,,,,,,,8.016944e-02,139,1,0,1,1,0
006_mustard_bottle,s0_duarte_mcd_006_mustard_bottle_t9,duarte_mcd,231,0.905260,,,,,,,,,4.217910e-02,140,1,0,1,1,0
035_power_drill,s0_duarte_mcd_035_power_drill_t0,duarte_mcd,31,0.930738,,,,,,,,,0.000000e+00,95,1,0,1,1,0
035_power_drill,s0_duarte_mcd_035_power_drill_t2,duarte_mcd,245,0.862988,,,,,,,,,6.527140e-02,114,1,0,1,1,0
035_power_drill,s0_duarte_mcd_035_power_drill_t3,duarte_mcd,58,0.922031,,,,,,,,,0.000000e+00,81,1,0,1,1,0
035_power_drill,s0_duarte_mcd_035_power_drill_t4,duarte_mcd,414,0.884055,,,,,,,,,2.951765e-02,112,1,0,1,1,0
035_power_drill,s0_duarte_mcd_035_power_drill_t6,duarte_mcd,35,0.915750,,,,,,,,,0.000000e+00,109,1,0,1,1,0
035_power_drill,s0_duarte_mcd_035_power_drill_t8,duarte_mcd,611,0.792528,,,,,,,,,4.777702e-01,218,1,0,1,1,0
035_power_drill,s0_duarte_mcd_035_power_drill_t9,duarte_mcd,143,0.905540,,,,,,,,,0.000000e+00,116,1,0,1,1,0
006_mustard_bottle,s0_partial_only_006_mustard_bottle_t0,partial_only,75,0.930702,,,,,,,,,,,1,0,1,1,0
006_mustard_bottle,s0_partial_only_006_mustard_bottle_t1,partial_only,10,0.958321,,,,,,,,,,,1,0,1,1,0
006_mustard_bottle,s0_partial_only_006_mustard_bottle_t2,partial_only,0,0.980820,,,,,,,,,,,1,0,1,1,1
006_mustard_bottle,s0_partial_only_006_mustard_bottle_t3,partial_only,9,0.958923,,,,,,,,,,,1,0,1,1,0
006_mustard_bottle,s0_partial_only_006_mustard_bottle_t4,partial_only,0,0.978259,,,,,,,,,,,1,0,1,1,1
006_mustard_bottle,s0_partial_only_006_mustard_bottle_t5,partial_only,0,0.967817,,,,,,,,,,,1,0,1,1,1
006_mustard_bottle,s0_partial_only_006_mustard_bottle_t6,partial_only,4,0.949288,,,,,,,,,,,1,0,1,1,1
006_mustard_bottle,s0_partial_only_006_mustard_bottle_t8,partial_only,14,0.965608,,,,,,,,,,,1,0,1,1,0
006_mustard_bottle,s0_partial_only_006_mustard_bottle_t9,partial_only,22,0.945578,,,,,,,,,,,1,0,1,1,1
061_foam_brick,s0_partial_only_061_foam_brick_t0,partial_only,1557,0.419194,,,,,,,,,,,1,0,1,1,0
061_foam_brick,s0_partial_only_061_foam_brick_t1,partial_only,348,0.929748,,,,,,,,,,,1,0,1,1,0
061_foam_brick,s0_partial_only_061_foam_brick_t2,partial_only,398,0.859465,,,,,,,,,,,1,0,1,1,0
061_foam_brick,s0_partial_only_061_foam_brick_t3,partial_only,1302,0.551224,,,,,,,,,,,1,0,1,1,0
061_foam_brick,s0_partial_only_061_foam_brick_t4,partial_only,645,0.809605,,,,,,,,,,,1,0,1,1,1
061_foam_brick,s0_partial_only_061_foam_brick_t5,partial_only,610,0.774096,,,,,,,,,,,1,0,1,1,0
061_foam_brick,s0_partial_only_061_foam_brick_t6,partial_only,1052,0.686440,,,,,,,,,,,1,0,1,1,0
061_foam_brick,s0_partial_only_061_foam_brick_t7,partial_only,25,0.848730,,,,,,,,,,,1,0,1,1,0
061_foam_brick,s0_partial_only_061_foam_brick_t8,partial_only,1169,0.644347,,,,,,,,,,,1,0,1,1,0
061_foam_brick,s0_partial_only_061_foam_brick_t9,partial_only,467,0.826952,,,,,,,,,,,1,0,1,1,1
010_potted_meat_can,s0_complete_only_010_potted_meat_can_t0,complete_only,35,0.888881,0.021176,5.440333e-06,2.634025e-05,745,0.014117,4.183204e-06,0.028234,1.093295e-05,9.519645e-01,848,1,0,1,1,0
010_potted_meat_can,s0_complete_only_010_potted_meat_can_t1,complete_only,31,0.864858,0.021169,1.147969e-05,3.076639e-05,797,0.014113,9.209774e-06,0.028226,7.328608e-06,3.579406e-01,392,1,0,1,1,0
010_potted_meat_can,s0_complete_only_010_potted_meat_can_t2,complete_only,10,0.785424,0.021767,5.251404e-05,1.602900e-04,869,0.014511,5.938699e-05,0.029022,3.978438e-05,1.204440e+00,827,1,0,1,1,0
010_potted_meat_can,s0_complete_only_010_potted_meat_can_t3,complete_only,169,0.820483,0.020623,3.677940e-05,1.887353e-04,485,0.013749,8.960047e-05,0.027497,3.476325e-05,5.523846e-01,663,1,0,1,1,0
010_potted_meat_can,s0_complete_only_010_potted_meat_can_t4,complete_only,49,0.769874,0.022095,8.778789e-06,2.621926e-05,1087,0.014730,1.024657e-05,0.029459,8.761844e-06,6.460660e-01,579,1,0,1,1,0
010_potted_meat_can,s0_complete_only_010_potted_meat_can_t5,complete_only,65,0.704479,0.021812,1.836803e-05,4.726579e-05,697,0.014541,1.788802e-05,0.029082,1.567415e-05,8.404522e-01,657,1,0,1,1,0
010_potted_meat_can,s0_complete_only_010_potted_meat_can_t6,complete_only,63,0.832816,0.021263,2.699171e-04,1.229206e-03,488,0.014175,6.107976e-04,0.028350,1.345065e-04,4.856269e-01,422,1,0,1,1,0
010_potted_meat_can,s0_complete_only_010_potted_meat_can_t7,complete_only,186,0.878542,0.020529,7.694725e-06,2.140832e-05,1062,0.013686,8.190932e-06,0.027372,1.028876e-05,8.221283e-01,937,1,0,1,1,0
010_potted_meat_can,s0_complete_only_010_potted_meat_can_t8,complete_only,1340,0.741055,0.020466,1.496099e-05,3.619035e-05,630,0.013644,1.660685e-05,0.027288,1.428031e-05,5.186716e-01,418,1,0,1,1,0
010_potted_meat_can,s0_complete_only_010_potted_meat_can_t9,complete_only,34,0.827849,0.021063,6.000563e-06,1.934638e-05,633,0.014042,5.981128e-06,0.028084,6.904349e-06,4.685187e-01,563,1,0,1,1,1
006_mustard_bottle,s0_complete_epi_006_mustard_bottle_t0,complete_epi,0,0.961582,0.034088,3.133088e-05,1.564044e-04,830,0.022725,3.939905e-05,0.045451,2.439403e-05,1.395615e-01,103,0,0,1,1,
006_mustard_bottle,s0_complete_epi_006_mustard_bottle_t1,complete_epi,0,0.955337,0.032913,3.606938e-04,2.908242e-03,743,0.021942,1.784095e-03,0.043884,1.322925e-04,6.717534e-02,135,0,0,1,1,
006_mustard_bottle,s0_complete_epi_006_mustard_bottle_t2,complete_epi,0,0.950338,0.034727,3.553898e-05,1.585496e-04,2140,0.023151,3.888904e-05,0.046303,1.959742e-05,1.230377e+00,375,0,0,1,1,
006_mustard_bottle,s0_complete_epi_006_mustard_bottle_t3,complete_epi,0,0.965257,0.034482,2.574555e-05,8.454623e-05,2669,0.022988,3.236673e-05,0.045976,2.233091e-05,1.651809e+00,591,0,0,1,1,
006_mustard_bottle,s0_complete_epi_006_mustard_bottle_t4,complete_epi,0,0.920203,0.032972,2.676311e-04,5.443041e-04,317,0.021982,3.871919e-04,0.043963,1.414430e-04,4.167833e-02,39,0,0,1,1,
006_mustard_bottle,s0_complete_epi_006_mustard_bottle_t5,complete_epi,0,0.935529,0.034267,3.445615e-05,1.349353e-04,2025,0.022845,3.236505e-05,0.045689,2.656918e-05,1.591587e+00,471,0,0,1,1,
006_mustard_bottle,s0_complete_epi_006_mustard_bottle_t6,complete_epi,0,0.947621,0.033974,1.935945e-04,5.249238e-04,1890,0.022650,3.105263e-04,0.045299,6.384206e-05,1.517512e+00,683,1,0,1,1,
006_mustard_bottle,s0_complete_epi_006_mustard_bottle_t7,complete_epi,0,0.981437,0.029797,3.023124e-06,6.902686e-06,2715,0.019865,3.278359e-06,0.039729,3.254152e-06,1.305745e+00,888,0,0,1,1,
006_mustard_bottle,s0_complete_epi_006_mustard_bottle_t8,complete_epi,0,0.972558,0.033737,1.898961e-05,7.130642e-05,3731,0.022491,4.045138e-05,0.044982,1.605323e-05,1.472336e+00,528,0,0,1,1,
006_mustard_bottle,s0_complete_epi_006_mustard_bottle_t9,complete_epi,0,0.942493,0.033778,5.942497e-06,4.087714e-06,653,0.022519,5.237810e-06,0.045037,5.238239e-06,1.628019e-02,144,0,0,1,1,
061_foam_brick,s0_complete_epi_061_foam_brick_t0,complete_epi,0,0.976765,0.016408,2.510725e-04,6.332774e-04,537,0.010939,3.260561e-04,0.021877,2.294323e-04,6.128940e+00,714,0,0,1,1,
061_foam_brick,s0_complete_epi_061_foam_brick_t1,complete_epi,0,0.978313,0.017103,2.595531e-05,8.268465e-05,1023,0.011402,3.057496e-05,0.022804,2.967092e-05,2.711374e+00,829,0,0,1,1,
061_foam_brick,s0_complete_epi_061_foam_brick_t2,complete_epi,0,0.977902,0.016701,3.108344e-05,6.557613e-05,670,0.011134,6.150547e-05,0.022268,2.054397e-05,1.266279e+00,639,0,0,1,1,
061_foam_brick,s0_complete_epi_061_foam_brick_t3,complete_epi,0,0.981065,0.015986,3.927006e-05,1.462241e-04,615,0.010657,3.292002e-05,0.021314,4.819929e-05,2.100403e+00,593,0,0,1,1,
061_foam_brick,s0_complete_epi_061_foam_brick_t4,complete_epi,0,0.980334,0.016516,1.267542e-05,4.311829e-05,557,0.011010,1.368567e-05,0.022021,1.245873e-05,1.641431e+00,824,0,0,1,1,
061_foam_brick,s0_complete_epi_061_foam_brick_t5,complete_epi,0,0.978947,0.016675,1.286577e-05,4.194706e-05,569,0.011117,1.110249e-05,0.022234,1.299561e-05,1.427891e+00,810,0,0,1,1,
061_foam_brick,s0_complete_epi_061_foam_brick_t0,complete_epi,0,0.976058,0.016408,2.510725e-04,6.332774e-04,537,0.010939,3.260561e-04,0.021877,2.294323e-04,5.128882e+00,662,0,0,1,1,
061_foam_brick,s0_complete_epi_061_foam_brick_t1,complete_epi,0,0.978228,0.017103,4.360424e-05,1.231380e-04,1050,0.011402,3.362839e-05,0.022804,4.336369e-05,2.672616e+00,807,0,0,1,1,
061_foam_brick,s0_complete_epi_061_foam_brick_t2,complete_epi,0,0.975522,0.016701,1.728190e-05,5.381128e-05,742,0.011134,2.500561e-05,0.022268,1.646477e-05,1.523864e+00,860,0,0,1,1,
061_foam_brick,s0_complete_epi_061_foam_brick_t3,complete_epi,0,0.982029,0.015986,3.810381e-05,1.404104e-04,680,0.010657,3.417979e-05,0.021314,5.159457e-05,2.861036e+00,640,0,0,1,1,
061_foam_brick,s0_complete_epi_061_foam_brick_t4,complete_epi,0,0.979166,0.016516,1.210800e-05,3.555420e-05,538,0.011010,1.244857e-05,0.022021,1.082736e-05,1.440860e+00,712,0,0,1,1,
025_mug,s0_complete_epi_025_mug_t0,complete_epi,1731,0.202072,0.020279,1.162590e-06,3.554482e-06,396,0.013520,1.655851e-06,0.027039,1.113766e-06,1.808884e-03,68,1,0,1,1,0
025_mug,s0_complete_epi_025_mug_t1,complete_epi,1093,0.383905,0.020929,2.588808e-06,1.002476e-05,614,0.013953,2.740223e-06,0.027906,2.451031e-06,1.933512e-01,170,1,0,1,1,0
025_mug,s0_complete_epi_025_mug_t2,complete_epi,1666,0.271812,0.021202,1.031884e-06,2.324232e-06,551,0.014135,8.556807e-07,0.028270,1.051200e-06,1.430824e-01,213,1,0,1,1,0
025_mug,s0_complete_epi_025_mug_t3,complete_epi,1671,0.198374,0.021474,1.293094e-06,2.350511e-06,807,0.014316,1.340796e-06,0.028632,1.192469e-06,3.006893e-01,411,1,0,1,1,0
025_mug,s0_complete_epi_025_mug_t4,complete_epi,1013,0.468997,0.020439,2.931877e-06,7.010685e-06,641,0.013626,2.286073e-06,0.027252,3.938434e-06,2.795262e-01,291,1,0,1,1,0
025_mug,s0_complete_epi_025_mug_t5,complete_epi,1832,0.202441,0.021394,8.828578e-07,1.921145e-06,691,0.014263,8.370496e-07,0.028525,9.542269e-07,1.458947e-01,226,1,0,1,1,0
025_mug,s0_complete_epi_025_mug_t6,complete_epi,1448,0.319313,0.020412,2.063219e-06,4.996500e-06,502,0.013608,1.832309e-06,0.027216,2.597781e-06,2.418620e-01,279,1,0,1,1,0
025_mug,s0_complete_epi_025_mug_t7,complete_epi,1812,0.292559,0.019026,6.915592e-07,1.510453e-06,327,0.012684,7.981291e-07,0.025368,6.621503e-07,7.523243e-03,68,1,0,1,1,0
025_mug,s0_complete_epi_025_mug_t8,complete_epi,1675,0.250669,0.020748,1.848712e-06,5.091403e-06,447,0.013832,1.853286e-06,0.027664,2.467304e-06,1.546443e-01,155,1,0,1,1,0
025_mug,s0_complete_epi_025_mug_t9,complete_epi,1345,0.261306,0.020674,2.171619e-06,5.476294e-06,609,0.013783,1.929878e-06,0.027566,2.466594e-06,1.125631e-01,121,1,0,1,1,0
061_foam_brick,s0_complete_epi_061_foam_brick_t0,complete_epi,1170,0.790202,0.016408,4.781103e-06,2.262818e-05,814,0.010939,5.375923e-06,0.021877,6.023415e-06,5.444130e-01,783,1,0,1,1,0
061_foam_brick,s0_complete_epi_061_foam_brick_t1,complete_epi,641,0.936858,0.017103,1.754223e-06,3.629820e-06,890,0.011402,6.645326e-07,0.022804,6.309965e-06,2.365015e-01,583,1,0,1,1,0
061_foam_brick,s0_complete_epi_061_foam_brick_t2,complete_epi,1042,0.731858,0.016701,6.980551e-06,1.575994e-05,440,0.011134,8.763369e-06,0.022268,4.781788e-06,3.138322e-01,531,1,0,1,1,1
061_foam_brick,s0_complete_epi_061_foam_brick_t3,complete_epi,1365,0.710452,0.015986,5.103656e-05,1.852534e-04,585,0.010657,8.684102e-05,0.021314,3.995900e-05,5.710859e-01,642,1,0,1,1,0
061_foam_brick,s0_complete_epi_061_foam_brick_t4,complete_epi,840,0.837366,0.016516,9.576313e-06,3.657744e-05,454,0.011010,1.207703e-05,0.022021,7.648825e-06,3.992677e-01,558,1,0,1,1,0
061_foam_brick,s0_complete_epi_061_foam_brick_t5,complete_epi,828,0.846647,0.016675,3.811931e-06,1.505687e-05,450,0.011117,6.488265e-06,0.022234,2.720603e-06,3.145669e-01,553,1,0,1,1,1
061_foam_brick,s0_complete_epi_061_foam_brick_t6,complete_epi,863,0.841464,0.016300,6.165703e-04,9.745064e-04,557,0.010867,7.717635e-04,0.021733,1.562517e-04,4.255975e-01,659,1,0,1,1,1
061_foam_brick,s0_complete_epi_061_foam_brick_t7,complete_epi,497,0.886190,0.017724,3.494519e-07,7.431714e-07,955,0.011816,3.354117e-07,0.023633,4.740143e-07,2.665395e-01,768,1,0,1,1,0
061_foam_brick,s0_complete_epi_061_foam_brick_t8,complete_epi,0,0.976921,0.016239,1.287866e-04,7.727800e-04,734,0.010826,1.263727e-04,0.021652,1.041692e-04,3.069409e+00,883,0,0,1,1,
061_foam_brick,s0_complete_epi_061_foam_brick_t9,complete_epi,627,0.893190,0.016313,8.787060e-05,5.578469e-04,420,0.010876,5.826716e-04,0.021751,4.056828e-05,1.042328e+00,1182,1,0,1,1,1
021_bleach_cleanser,s0_duarte_mcd_021_bleach_cleanser_t0,duarte_mcd,8,0.927966,,,,,,,,,2.341735e-02,119,1,0,1,1,0
021_bleach_cleanser,s0_duarte_mcd_021_bleach_cleanser_t1,duarte_mcd,37,0.935081,,,,,,,,,5.702112e-01,320,1,0,1,1,1
021_bleach_cleanser,s0_duarte_mcd_021_bleach_cleanser_t2,duarte_mcd,378,0.919657,,,,,,,,,6.076433e-02,126,1,0,1,1,0
021_bleach_cleanser,s0_duarte_mcd_021_bleach_cleanser_t3,duarte_mcd,375,0.901917,,,,,,,,,4.250097e-02,108,1,0,1,1,0
021_bleach_cleanser,s0_duarte_mcd_021_bleach_cleanser_t4,duarte_mcd,183,0.909262,,,,,,,,,6.637774e-01,395,1,0,1,1,1
021_bleach_cleanser,s0_duarte_mcd_021_bleach_cleanser_t5,duarte_mcd,119,0.942231,,,,,,,,,3.503248e-01,334,1,0,1,1,0
021_bleach_cleanser,s0_duarte_mcd_021_bleach_cleanser_t6,duarte_mcd,514,0.868423,,,,,,,,,4.090451e-02,100,1,0,1,1,0
021_bleach_cleanser,s0_duarte_mcd_021_bleach_cleanser_t7,duarte_mcd,30,0.953283,,,,,,,,,2.984764e-01,391,1,0,1,1,1
021_bleach_cleanser,s0_duarte_mcd_021_bleach_cleanser_t8,duarte_mcd,125,0.967724,,,,,,,,,2.838695e-01,256,1,0,1,1,0
021_bleach_cleanser,s0_duarte_mcd_021_bleach_cleanser_t9,duarte_mcd,423,0.891383,,,,,,,,,4.471005e-02,112,1,0,1,1,0
011_banana,s0_duarte_mcd_011_banana_t0,duarte_mcd,1253,0.770886,,,,,,,,,8.887542e-02,374,1,0,1,1,0
011_banana,s0_duarte_mcd_011_banana_t1,duarte_mcd,1962,0.016694,,,,,,,,,9.889468e-01,789,1,0,1,1,0
011_banana,s0_duarte_mcd_011_banana_t2,duarte_mcd,0,0.972443,,,,,,,,,3.363088e-01,313,0,0,1,1,
011_banana,s0_duarte_mcd_011_banana_t3,duarte_mcd,1746,0.417894,,,,,,,,,7.909034e-03,221,1,0,1,1,0
011_banana,s0_duarte_mcd_011_banana_t4,duarte_mcd,1409,0.650714,,,,,,,,,1.403564e-01,285,1,0,1,1,0
011_banana,s0_duarte_mcd_011_banana_t5,duarte_mcd,0,0.976960,,,,,,,,,3.382555e-01,644,0,0,1,1,
011_banana,s0_duarte_mcd_011_banana_t6,duarte_mcd,1949,0.038952,,,,,,,,,6.319281e-01,993,1,0,1,1,0
011_banana,s0_duarte_mcd_011_banana_t7,duarte_mcd,1669,0.478616,,,,,,,,,5.910443e-01,682,1,0,1,1,1
011_banana,s0_duarte_mcd_011_banana_t8,duarte_mcd,0,0.962866,,,,,,,,,2.666457e-01,467,0,0,1,1,
011_banana,s0_duarte_mcd_011_banana_t9,duarte_mcd,1412,0.688925,,,,,,,,,3.154751e-01,511,1,0,1,1,0
021_bleach_cleanser,s0_partial_only_021_bleach_cleanser_t0,partial_only,2,0.955858,,,,,,,,,,,1,0,1,1,0
021_bleach_cleanser,s0_partial_only_021_bleach_cleanser_t1,partial_only,0,0.974017,,,,,,,,,,,1,0,1,1,1
021_bleach_cleanser,s0_partial_only_021_bleach_cleanser_t2,partial_only,0,0.940322,,,,,,,,,,,1,0,1,1,1
021_bleach_cleanser,s0_partial_only_021_bleach_cleanser_t3,partial_only,2,0.952387,,,,,,,,,,,1,0,1,1,0
021_bleach_cleanser,s0_partial_only_021_bleach_cleanser_t4,partial_only,0,0.939173,,,,,,,,,,,1,0,1,1,0
021_bleach_cleanser,s0_partial_only_021_bleach_cleanser_t5,partial_only,0,0.938512,,,,,,,,,,,1,0,1,1,1
021_bleach_cleanser,s0_partial_only_021_bleach_cleanser_t6,partial_only,0,0.955977,,,,,,,,,,,1,0,1,1,1
021_bleach_cleanser,s0_partial_only_021_bleach_cleanser_t7,partial_only,0,0.975551,,,,,,,,,,,1,0,1,1,0
021_bleach_cleanser,s0_partial_only_021_bleach_cleanser_t8,partial_only,1,0.965648,,,,,,,,,,,1,0,1,1,0
021_bleach_cleanser,s0_partial_only_021_bleach_cleanser_t9,partial_only,1,0.946675,,,,,,,,,,,1,0,1,1,1
051_large_clamp,s0_partial_only_051_large_clamp_t0,partial_only,691,0.836474,,,,,,,,,,,1,0,1,1,0
051_large_clamp,s0_partial_only_051_large_clamp_t1,partial_only,613,0.837635,,,,,,,,,,,1,0,1,1,0
051_large_clamp,s0_partial_only_051_large_clamp_t2,partial_only,50,0.961203,,,,,,,,,,,1,0,1,1,1
051_large_clamp,s0_partial_only_051_large_clamp_t3,partial_only,706,0.858039,,,,,,,,,,,1,0,1,1,0
051_large_clamp,s0_partial_only_051_large_clamp_t4,partial_only,715,0.830348,,,,,,,,,,,1,0,1,1,0
051_large_clamp,s0_partial_only_051_large_clamp_t5,partial_only,54,0.963396,,,,,,,,,,,1,0,1,1,0
051_large_clamp,s0_partial_only_051_large_clamp_t6,partial_only,299,0.881297,,,,,,,,,,,1,0,1,1,0
051_large_clamp,s0_partial_only_051_large_clamp_t7,partial_only,29,0.968859,,,,,,,,,,,1,0,1,1,0
051_large_clamp,s0_partial_only_051_large_clamp_t8,partial_only,557,0.862328,,,,,,,,,,,1,0,1,1,0
051_large_clamp,s0_partial_only_051_large_clamp_t9,partial_only,185,0.893014,,,,,,,,,,,1,0,1,1,0
035_power_drill,s0_complete_only_035_power_drill_t0,complete_only,12,0.913548,0.038846,8.149101e-06,2.479840e-05,1742,0.025898,6.985037e-06,0.051795,1.073581e-05,1.666941e-01,103,1,0,1,1,0
035_power_drill,s0_complete_only_035_power_drill_t1,complete_only,281,0.869514,0.037675,1.317570e-06,7.201330e-06,817,0.025117,8.581465e-07,0.050234,2.212511e-06,0.000000e+00,140,1,0,1,1,0
035_power_drill,s0_complete_only_035_power_drill_t2,complete_only,163,0.860446,0.041959,4.297486e-05,6.413127e-05,885,0.027973,3.037855e-05,0.055945,6.323321e-05,5.958118e-02,86,1,0,1,1,0
035_power_drill,s0_complete_only_035_power_drill_t3,complete_only,50,0.907544,0.040368,0.000000e+00,0.000000e+00,539,0.026912,0.000000e+00,0.053824,1.173712e-06,0.000000e+00,87,1,0,1,1,0
035_power_drill,s0_complete_only_035_power_drill_t4,complete_only,140,0.909317,0.040848,6.055841e-06,1.009218e-05,3496,0.027232,4.531711e-06,0.054464,9.315099e-06,6.968093e-01,397,1,0,1,1,0
035_power_drill,s0_complete_only_035_power_drill_t5,complete_only,25,0.944630,0.036347,2.883311e-05,1.340341e-04,1329,0.024231,1.472783e-05,0.048463,4.605050e-05,2.849044e-01,189,1,0,1,1,0
035_power_drill,s0_complete_only_035_power_drill_t6,complete_only,2,0.921215,0.037999,7.726239e-06,2.856209e-05,2302,0.025333,6.222970e-06,0.050666,8.622718e-06,8.065148e-01,438,1,0,1,1,0
035_power_drill,s0_complete_only_035_power_drill_t7,complete_only,119,0.907385,0.033575,5.611984e-05,3.191205e-04,892,0.022384,8.791641e-05,0.044767,5.106691e-05,3.018727e-01,252,1,0,1,1,0
035_power_drill,s0_complete_only_035_power_drill_t8,complete_only,436,0.817348,0.049730,4.195311e-04,1.806674e-03,791,0.033153,7.915778e-04,0.066306,3.617480e-04,3.352901e-01,81,1,0,1,1,0
035_power_drill,s0_complete_only_035_power_drill_t9,complete_only,12,0.928194,0.037413,6.177216e-06,1.263644e-05,2068,0.024942,7.015723e-06,0.049884,6.906587e-06,3.740082e-01,249,1,0,1,1,0
021_bleach_cleanser,s0_complete_epi_021_bleach_cleanser_t0,complete_epi,0,0.951543,0.042568,1.043213e-04,3.856199e-04,4153,0.028379,1.737391e-04,0.056757,5.151965e-05,2.412627e+00,427,0,0,1,1,
021_bleach_cleanser,s0_complete_epi_021_bleach_cleanser_t1,complete_epi,0,0.947860,0.042328,6.017096e-06,3.521045e-05,819,0.028219,9.633905e-06,0.056438,5.294679e-06,1.090527e-01,125,0,0,1,1,
021_bleach_cleanser,s0_complete_epi_021_bleach_cleanser_t2,complete_epi,0,0.869515,0.010762,3.870854e-05,1.328755e-04,2067,0.007174,8.950418e-05,0.014349,1.623852e-05,5.020079e+00,5220,0,0,1,1,
021_bleach_cleanser,s0_complete_epi_021_bleach_cleanser_t3,complete_epi,0,0.960477,0.042336,8.862748e-05,2.603593e-04,3759,0.028224,1.421752e-04,0.056448,4.449298e-05,2.502452e+00,574,1,0,1,1,
021_bleach_cleanser,s0_complete_epi_021_bleach_cleanser_t4,complete_epi,0,0.946637,0.037729,4.975940e-06,2.242225e-05,591,0.025152,3.179321e-06,0.050305,9.664240e-06,0.000000e+00,32,0,0,1,1,
021_bleach_cleanser,s0_complete_epi_021_bleach_cleanser_t5,complete_epi,0,0.969022,0.043399,2.527545e-05,9.008163e-05,2119,0.028932,3.442718e-05,0.057865,1.787735e-05,7.137299e-01,213,0,0,1,1,
021_bleach_cleanser,s0_complete_epi_021_bleach_cleanser_t6,complete_epi,0,0.952926,0.042174,1.713903e-06,1.283797e-05,480,0.028116,9.052080e-07,0.056231,1.634752e-06,0.000000e+00,126,0,0,1,1,
021_bleach_cleanser,s0_complete_epi_021_bleach_cleanser_t7,complete_epi,0,0.963241,0.038187,2.261941e-06,4.029458e-06,2152,0.025458,2.413518e-06,0.050917,2.035948e-06,7.363974e-01,478,0,0,1,1,
021_bleach_cleanser,s0_complete_epi_021_bleach_cleanser_t8,complete_epi,0,0.962447,0.042675,1.623475e-05,4.734233e-05,4028,0.028450,1.996564e-05,0.056900,1.358977e-05,1.316118e+00,415,0,0,1,1,
021_bleach_cleanser,s0_complete_epi_021_bleach_cleanser_t9,complete_epi,0,0.955316,0.042309,4.823731e-06,1.126537e-05,1336,0.028206,3.464925e-06,0.056413,6.609191e-06,4.430336e-02,50,0,0,1,1,
051_large_clamp,s0_complete_epi_051_large_clamp_t0,complete_epi,0,0.966339,0.030452,1.721088e-04,8.288425e-04,820,0.020301,4.162435e-04,0.040603,7.747701e-05,3.910870e-01,115,0,0,1,1,
051_large_clamp,s0_complete_epi_051_large_clamp_t1,complete_epi,0,0.953037,0.032363,3.109248e-05,1.313357e-04,1928,0.021576,9.246107e-05,0.043151,1.197525e-05,9.699432e-01,255,0,0,1,1,
051_large_clamp,s0_complete_epi_051_large_clamp_t2,complete_epi,0,0.967895,0.031795,6.992783e-06,2.259849e-05,3757,0.021197,1.067752e-05,0.042394,7.228983e-06,1.071344e+00,676,0,0,1,1,
051_large_clamp,s0_complete_epi_051_large_clamp_t3,complete_epi,0,0.958127,0.030838,4.493251e-05,2.917490e-04,1426,0.020559,1.591139e-04,0.041118,3.242832e-05,8.402187e-01,366,0,0,1,1,
051_large_clamp,s0_complete_epi_051_large_clamp_t4,complete_epi,0,0.961181,0.029597,7.414327e-05,3.788709e-04,817,0.019731,1.187832e-03,0.039462,4.799306e-05,1.003475e+00,256,0,0,1,1,
051_large_clamp,s0_complete_epi_051_large_clamp_t5,complete_epi,0,0.977647,0.031750,1.966137e-05,1.568792e-04,1041,0.021167,2.094499e-05,0.042334,2.830938e-05,0.000000e+00,109,0,0,1,1,
051_large_clamp,s0_complete_epi_051_large_clamp_t6,complete_epi,0,0.964958,0.030918,1.336205e-04,6.520374e-04,3886,0.020612,2.230926e-04,0.041224,3.384391e-05,2.293590e+00,1130,0,0,1,1,
051_large_clamp,s0_complete_epi_051_large_clamp_t0,complete_epi,0,0.969995,0.030452,1.721088e-04,8.288425e-04,705,0.020301,4.162435e-04,0.040603,7.747701e-05,6.313555e-01,209,0,0,1,1,
051_large_clamp,s0_complete_epi_051_large_clamp_t1,complete_epi,0,0.950173,0.032363,3.109248e-05,1.313357e-04,1928,0.021576,9.246107e-05,0.043151,1.197525e-05,1.173130e+00,395,0,0,1,1,
051_large_clamp,s0_complete_epi_051_large_clamp_t2,complete_epi,0,0.970810,0.031795,1.068088e-06,3.918939e-06,1268,0.021197,5.994295e-07,0.042394,1.493665e-06,1.098927e-01,234,0,0,1,1,
051_large_clamp,s0_complete_epi_051_large_clamp_t3,complete_epi,0,0.956121,0.030838,2.833501e-05,1.802023e-04,1446,0.020559,7.141689e-05,0.041118,2.838909e-05,8.874800e-01,388,0,0,1,1,
005_tomato_soup_can,s0_complete_epi_005_tomato_soup_can_t0,complete_epi,3,0.883294,0.019443,9.802896e-07,1.150783e-06,888,0.012962,9.695407e-07,0.025923,9.907315e-07,6.425130e-01,919,1,0,1,1,1
005_tomato_soup_can,s0_complete_epi_005_tomato_soup_can_t1,complete_epi,175,0.826518,0.019328,1.046912e-06,1.739489e-06,572,0.012886,1.056761e-06,0.025771,1.002277e-06,6.013953e-01,882,1,0,1,1,0
005_tomato_soup_can,s0_complete_epi_005_tomato_soup_can_t2,complete_epi,5,0.884281,0.019207,9.667265e-07,1.340313e-06,847,0.012805,1.043089e-06,0.025610,9.661965e-07,5.593242e-01,811,1,0,1,1,0
005_tomato_soup_can,s0_complete_epi_005_tomato_soup_can_t3,complete_epi,91,0.847851,0.019309,1.019396e-06,1.226910e-06,725,0.012872,1.013835e-06,0.025745,1.013696e-06,6.228577e-01,855,1,0,1,1,1
005_tomato_soup_can,s0_complete_epi_005_tomato_soup_can_t4,complete_epi,51,0.866304,0.019199,1.006823e-06,1.412499e-06,735,0.012800,1.032431e-06,0.025599,9.840514e-07,5.682018e-01,872,1,0,1,1,0
005_tomato_soup_can,s0_complete_epi_005_tomato_soup_can_t5,complete_epi,7,0.882005,0.019283,9.954757e-07,1.275985e-06,753,0.012856,9.760951e-07,0.025711,9.685563e-07,4.907726e-01,742,1,0,1,1,1
005_tomato_soup_can,s0_complete_epi_005_tomato_soup_can_t6,complete_epi,1,0.892850,0.019245,8.273186e-07,1.296113e-06,581,0.012830,9.282772e-07,0.025660,8.414977e-07,4.891866e-01,822,1,0,1,1,0
005_tomato_soup_can,s0_complete_epi_005_tomato_soup_can_t7,complete_epi,21,0.862929,0.019290,1.150864e-06,1.351222e-06,949,0.012860,1.159138e-06,0.025720,1.144366e-06,7.436561e-01,928,1,0,1,1,1
005_tomato_soup_can,s0_complete_epi_005_tomato_soup_can_t8,complete_epi,51,0.862861,0.019103,8.904466e-07,1.333968e-06,601,0.012736,9.762573e-07,0.025471,9.163450e-07,4.524457e-01,814,1,0,1,1,1
005_tomato_soup_can,s0_complete_epi_005_tomato_soup_can_t9,complete_epi,27,0.864454,0.019443,8.548775e-07,1.286445e-06,748,0.012962,9.883581e-07,0.025925,9.736249e-07,5.465372e-01,913,1,0,1,1,1
010_potted_meat_can,s0_complete_epi_010_potted_meat_can_t0,complete_epi,108,0.867547,0.021176,5.440333e-06,2.634025e-05,745,0.014117,4.183204e-06,0.028234,1.093295e-05,8.509541e-01,779,1,0,1,1,1
010_potted_meat_can,s0_complete_epi_010_potted_meat_can_t1,complete_epi,22,0.868961,0.021169,7.173161e-06,2.693061e-05,655,0.014113,4.794789e-06,0.028226,7.541128e-06,5.169109e-01,553,1,0,1,1,0
010_potted_meat_can,s0_complete_epi_010_potted_meat_can_t2,complete_epi,34,0.764049,0.021767,4.678895e-05,1.594931e-04,846,0.014511,5.437903e-05,0.029022,3.742957e-05,1.167152e+00,825,1,0,1,1,0
010_potted_meat_can,s0_complete_epi_010_potted_meat_can_t3,complete_epi,82,0.823872,0.020623,3.677940e-05,1.887353e-04,485,0.013749,8.960047e-05,0.027497,3.476325e-05,6.809671e-01,758,1,0,1,1,0
010_potted_meat_can,s0_complete_epi_010_potted_meat_can_t4,complete_epi,21,0.776504,0.022095,9.982145e-06,2.943235e-05,1049,0.014730,1.207861e-05,0.029459,9.536537e-06,6.690243e-01,587,1,0,1,1,0
010_potted_meat_can,s0_complete_epi_010_potted_meat_can_t5,complete_epi,14,0.709383,0.021812,1.809897e-05,4.516905e-05,735,0.014541,1.846602e-05,0.029082,1.804971e-05,8.383300e-01,612,1,0,1,1,0
010_potted_meat_can,s0_complete_epi_010_potted_meat_can_t6,complete_epi,27,0.846546,0.021263,7.261155e-05,5.718854e-04,532,0.014175,1.294671e-04,0.028350,4.849893e-05,4.674345e-01,436,1,0,1,1,0
010_potted_meat_can,s0_complete_epi_010_potted_meat_can_t7,complete_epi,247,0.870583,0.020529,6.304032e-06,5.102718e-05,851,0.013686,7.176566e-06,0.027372,7.768512e-06,5.559714e-01,668,1,0,1,1,0
010_potted_meat_can,s0_complete_epi_010_potted_meat_can_t8,complete_epi,1627,0.594891,0.020466,1.324851e-05,3.389723e-05,899,0.013644,1.523456e-05,0.027288,1.279286e-05,1.115891e+00,785,1,0,1,1,0
010_potted_meat_can,s0_complete_epi_010_potted_meat_can_t9,complete_epi,67,0.809849,0.021063,1.077535e-05,3.130027e-05,647,0.014042,4.472946e-05,0.028084,1.289495e-05,3.434970e-01,401,1,0,1,1,0
051_large_clamp,s0_complete_epi_051_large_clamp_t0,complete_epi,771,0.869116,0.030452,0.000000e+00,0.000000e+00,344,0.020301,0.000000e+00,0.040603,1.099009e-06,0.000000e+00,120,1,0,1,1,0
051_large_clamp,s0_complete_epi_051_large_clamp_t1,complete_epi,1244,0.684281,0.032363,7.768281e-07,3.943575e-06,832,0.021576,1.004127e-06,0.043151,9.959449e-07,0.000000e+00,106,1,0,1,1,0
051_large_clamp,s0_complete_epi_051_large_clamp_t2,complete_epi,21,0.965935,0.031795,8.980419e-07,3.918939e-06,877,0.021197,5.994295e-07,0.042394,1.493665e-06,0.000000e+00,116,1,0,1,1,0
051_large_clamp,s0_complete_epi_051_large_clamp_t3,complete_epi,753,0.858377,0.030838,0.000000e+00,0.000000e+00,342,0.020559,0.000000e+00,0.041118,5.529030e-06,0.000000e+00,84,1,0,1,1,0
051_large_clamp,s0_complete_epi_051_large_clamp_t4,complete_epi,1017,0.785094,0.029597,4.295493e-07,2.545996e-06,647,0.019731,0.000000e+00,0.039462,7.580351e-07,0.000000e+00,147,1,0,1,1,1
051_large_clamp,s0_complete_epi_051_large_clamp_t5,complete_epi,32,0.965890,0.031750,1.259440e-06,6.224379e-06,814,0.021167,4.922917e-07,0.042334,1.859789e-06,1.208954e-01,280,1,0,1,1,0
051_large_clamp,s0_complete_epi_051_large_clamp_t6,complete_epi,872,0.835758,0.030918,5.364817e-07,2.846841e-06,610,0.020612,0.000000e+00,0.041224,6.556894e-07,0.000000e+00,178,1,0,1,1,0
051_large_clamp,s0_complete_epi_051_large_clamp_t7,complete_epi,37,0.953437,0.026887,7.315903e-07,2.744822e-06,1188,0.017925,5.133546e-07,0.035849,1.177819e-06,4.551742e-02,362,1,0,1,1,0
051_large_clamp,s0_complete_epi_051_large_clamp_t8,complete_epi,810,0.799003,0.031011,5.943808e-06,4.416342e-05,1513,0.020674,2.488329e-06,0.041348,1.182648e-05,1.740274e-01,204,1,0,1,1,0
051_large_clamp,s0_complete_epi_051_large_clamp_t9,complete_epi,920,0.820955,0.030421,2.243831e-05,1.478469e-04,433,0.020281,3.301227e-05,0.040562,3.447576e-05,0.000000e+00,117,1,0,1,1,0
025_mug,s0_duarte_mcd_025_mug_t0,duarte_mcd,1571,0.353492,,,,,,,,,0.000000e+00,63,1,0,1,1,0
025_mug,s0_duarte_mcd_025_mug_t1,duarte_mcd,1167,0.318193,,,,,,,,,0.000000e+00,58,1,0,1,1,0
025_mug,s0_duarte_mcd_025_mug_t2,duarte_mcd,800,0.601500,,,,,,,,,0.000000e+00,81,1,0,1,1,0
025_mug,s0_duarte_mcd_025_mug_t3,duarte_mcd,1573,0.248415,,,,,,,,,7.622896e-03,103,1,0,1,1,0
025_mug,s0_duarte_mcd_025_mug_t4,duarte_mcd,992,0.547000,,,,,,,,,6.650052e-02,133,1,0,1,1,0
025_mug,s0_duarte_mcd_025_mug_t5,duarte_mcd,1575,0.339591,,,,,,,,,0.000000e+00,65,1,0,1,1,0
025_mug,s0_duarte_mcd_025_mug_t6,duarte_mcd,1483,0.344039,,,,,,,,,1.065558e-01,234,1,0,1,1,0
025_mug,s0_duarte_mcd_025_mug_t7,duarte_mcd,1656,0.379570,,,,,,,,,2.363558e-01,499,1,0,1,1,0
025_mug,s0_duarte_mcd_025_mug_t8,duarte_mcd,1823,0.160187,,,,,,,,,0.000000e+00,44,1,0,1,1,0
025_mug,s0_duarte_mcd_025_mug_t9,duarte_mcd,1061,0.457201,,,,,,,,,3.994737e-01,718,1,0,1,1,1
061_foam_brick,s0_duarte_mcd_061_foam_brick_t0,duarte_mcd,65,0.954538,,,,,,,,,6.464619e-01,797,1,0,1,1,0
061_foam_brick,s0_duarte_mcd_061_foam_brick_t1,duarte_mcd,655,0.933093,,,,,,,,,2.634305e-01,631,1,0,1,1,0
061_foam_brick,s0_duarte_mcd_061_foam_brick_t2,duarte_mcd,740,0.887151,,,,,,,,,4.041130e-01,613,1,0,1,1,1
061_foam_brick,s0_duarte_mcd_061_foam_brick_t3,duarte_mcd,819,0.868147,,,,,,,,,2.683145e-01,434,1,0,1,1,0
061_foam_brick,s0_duarte_mcd_061_foam_brick_t4,duarte_mcd,354,0.943967,,,,,,,,,2.043275e-01,465,1,0,1,1,0
061_foam_brick,s0_duarte_mcd_061_foam_brick_t5,duarte_mcd,288,0.943927,,,,,,,,,4.638273e-01,776,1,0,1,1,0
061_foam_brick,s0_duarte_mcd_061_foam_brick_t6,duarte_mcd,191,0.927510,,,,,,,,,3.913876e-01,582,1,0,1,1,1
061_foam_brick,s0_duarte_mcd_061_foam_brick_t7,duarte_mcd,447,0.894687,,,,,,,,,3.074105e-01,857,1,0,1,1,0
061_foam_brick,s0_duarte_mcd_061_foam_brick_t8,duarte_mcd,1922,0.091258,,,,,,,,,8.918197e-01,1378,1,0,1,1,0
061_foam_brick,s0_duarte_mcd_061_foam_brick_t9,duarte_mcd,600,0.911437,,,,,,,,,2.042173e-01,467,1,0,1,1,1
025_mug,s0_partial_only_025_mug_t0,partial_only,284,0.862800,,,,,,,,,,,1,0,1,1,0
025_mug,s0_partial_only_025_mug_t1,partial_only,659,0.764221,,,,,,,,,,,1,0,1,1,0
025_mug,s0_partial_only_025_mug_t2,partial_only,1236,0.437521,,,,,,,,,,,1,0,1,1,0
025_mug,s0_partial_only_025_mug_t3,partial_only,863,0.615576,,,,,,,,,,,1,0,1,1,0
025_mug,s0_partial_only_025_mug_t4,partial_only,917,0.587394,,,,,,,,,,,1,0,1,1,1
025_mug,s0_partial_only_025_mug_t5,partial_only,905,0.609435,,,,,,,,,,,1,0,1,1,0
025_mug,s0_partial_only_025_mug_t6,partial_only,1063,0.476437,,,,,,,,,,,1,0,1,1,0
025_mug,s0_partial_only_025_mug_t7,partial_only,692,0.689594,,,,,,,,,,,1,0,1,1,0
025_mug,s0_partial_only_025_mug_t8,partial_only,624,0.691402,,,,,,,,,,,1,0,1,1,0
025_mug,s0_partial_only_025_mug_t9,partial_only,649,0.672524,,,,,,,,,,,1,0,1,1,1
005_tomato_soup_can,s0_complete_only_005_tomato_soup_can_t0,complete_only,3,0.888192,0.019443,1.126867e-06,1.253568e-06,920,0.012962,1.135925e-06,0.025923,1.122631e-06,7.519489e-01,957,1,0,1,1,1
005_tomato_soup_can,s0_complete_only_005_tomato_soup_can_t1,complete_only,0,0.894469,0.019328,1.135504e-06,1.297847e-06,881,0.012886,1.145184e-06,0.025771,1.134425e-06,6.440005e-01,829,1,0,1,1,1
005_tomato_soup_can,s0_complete_only_005_tomato_soup_can_t2,complete_only,5,0.881273,0.019207,1.161958e-06,1.407963e-06,812,0.012805,1.170418e-06,0.025610,1.152956e-06,6.696201e-01,877,1,0,1,1,0
005_tomato_soup_can,s0_complete_only_005_tomato_soup_can_t3,complete_only,1,0.896806,0.019309,1.108512e-06,1.404412e-06,845,0.012872,1.123054e-06,0.025745,1.101974e-06,6.740819e-01,881,1,0,1,1,1
005_tomato_soup_can,s0_complete_only_005_tomato_soup_can_t4,complete_only,5,0.891756,0.019199,8.663199e-07,1.211336e-06,660,0.012800,1.003862e-06,0.025599,8.471646e-07,5.973128e-01,960,1,0,1,1,1
005_tomato_soup_can,s0_complete_only_005_tomato_soup_can_t5,complete_only,21,0.873226,0.019283,1.071425e-06,1.228162e-06,879,0.012856,1.063259e-06,0.025711,1.075849e-06,6.883209e-01,912,1,0,1,1,0
005_tomato_soup_can,s0_complete_only_005_tomato_soup_can_t6,complete_only,5,0.879854,0.019245,1.145869e-06,1.359291e-06,773,0.012830,1.156714e-06,0.025660,1.133285e-06,5.844005e-01,763,1,0,1,1,1
005_tomato_soup_can,s0_complete_only_005_tomato_soup_can_t7,complete_only,2,0.883611,0.019290,1.204831e-06,1.381492e-06,762,0.012860,1.195642e-06,0.025720,1.199379e-06,6.831733e-01,856,1,0,1,1,1
005_tomato_soup_can,s0_complete_only_005_tomato_soup_can_t8,complete_only,34,0.869022,0.019103,8.904466e-07,1.333968e-06,777,0.012736,9.762573e-07,0.025471,9.163450e-07,6.355574e-01,910,1,0,1,1,0
005_tomato_soup_can,s0_complete_only_005_tomato_soup_can_t9,complete_only,0,0.908246,0.019443,9.005953e-07,1.282793e-06,777,0.012962,1.092303e-06,0.025925,9.825169e-07,5.385179e-01,829,1,0,1,1,1
011_banana,s0_complete_only_011_banana_t0,complete_only,1574,0.548448,0.032890,1.186236e-05,3.676004e-05,1422,0.021927,7.872364e-06,0.043854,2.587116e-05,6.668983e-03,255,1,0,1,1,0
011_banana,s0_complete_only_011_banana_t1,complete_only,1745,0.430662,0.033817,8.003406e-04,2.932685e-03,2170,0.022544,1.706373e-03,0.045089,4.251589e-04,5.773996e+00,953,1,0,1,1,0
011_banana,s0_complete_only_011_banana_t2,complete_only,0,0.975482,0.032543,2.137004e-05,1.084094e-04,3428,0.021695,2.863963e-05,0.043390,3.536114e-05,1.493645e+00,718,0,0,1,1,
011_banana,s0_complete_only_011_banana_t3,complete_only,1101,0.798804,0.033887,6.492444e-06,1.598533e-05,1530,0.022591,1.559203e-06,0.045182,2.359712e-05,0.000000e+00,262,1,0,1,1,0
011_banana,s0_complete_only_011_banana_t4,complete_only,1487,0.610148,0.032001,1.434635e-05,1.623704e-05,2367,0.021334,4.687411e-06,0.042668,1.889547e-05,9.663493e-01,667,1,0,1,1,0
011_banana,s0_complete_only_011_banana_t5,complete_only,1343,0.703322,0.032562,1.770789e-03,4.110641e-03,1589,0.021708,2.212435e-03,0.043416,1.068648e-03,3.021870e+00,433,1,0,1,1,0
011_banana,s0_complete_only_011_banana_t6,complete_only,1137,0.777722,0.029806,1.347691e-04,9.021464e-04,2465,0.019871,1.450001e-04,0.039742,1.584029e-04,1.055043e+00,567,1,0,1,1,0
011_banana,s0_complete_only_011_banana_t7,complete_only,1658,0.559213,0.030838,2.057740e-05,1.021234e-04,1591,0.020559,2.366418e-05,0.041118,2.122065e-05,3.090291e-01,200,1,0,1,1,0
011_banana,s0_complete_only_011_banana_t8,complete_only,0,0.967533,0.031585,4.232272e-06,1.101093e-05,2508,0.021056,3.125221e-06,0.042113,3.895581e-06,6.115659e-01,615,0,0,1,1,
011_banana,s0_complete_only_011_banana_t9,complete_only,1114,0.764041,0.030030,3.947268e-05,1.204952e-04,2412,0.020020,4.182321e-05,0.040040,7.469593e-05,1.805122e+00,1030,1,0,1,1,0
025_mug,s0_complete_epi_025_mug_t0,complete_epi,0,0.961145,0.020282,1.079600e-06,1.794864e-06,1065,0.013521,1.025556e-06,0.027042,1.133918e-06,1.414989e-01,212,0,0,1,1,
025_mug,s0_complete_epi_025_mug_t1,complete_epi,0,0.960901,0.020952,2.737678e-06,6.549191e-06,982,0.013968,2.431314e-06,0.027936,3.721762e-06,3.108929e-01,258,0,0,1,1,
025_mug,s0_complete_epi_025_mug_t2,complete_epi,0,0.954891,0.021203,7.386030e-07,1.518027e-06,596,0.014135,7.566260e-07,0.028271,7.245920e-07,7.650205e-02,140,0,0,1,1,
025_mug,s0_complete_epi_025_mug_t3,complete_epi,0,0.947700,0.021438,1.232179e-06,2.474659e-06,477,0.014292,9.608785e-07,0.028584,1.316875e-06,5.727336e-02,87,0,0,1,1,
025_mug,s0_complete_epi_025_mug_t4,complete_epi,0,0.934895,0.020430,3.258375e-06,6.030427e-06,1038,0.013620,1.885167e-06,0.027240,6.434016e-06,3.697217e-01,315,0,0,1,1,
025_mug,s0_complete_epi_025_mug_t5,complete_epi,0,0.963730,0.021393,6.455453e-07,1.276056e-06,730,0.014262,7.367111e-07,0.028524,6.955525e-07,6.584193e-02,136,0,0,1,1,
025_mug,s0_complete_epi_025_mug_t6,complete_epi,0,0.930867,0.020401,1.245464e-05,4.273055e-05,691,0.013601,9.864409e-06,0.027201,1.413606e-05,1.611865e+00,462,0,0,1,1,
025_mug,s0_complete_epi_025_mug_t7,complete_epi,0,0.965983,0.019026,6.849964e-07,1.509533e-06,454,0.012684,7.760719e-07,0.025368,6.407096e-07,6.778697e-02,145,0,0,1,1,
025_mug,s0_complete_epi_025_mug_t8,complete_epi,0,0.961815,0.020745,9.406820e-07,1.975166e-06,442,0.013830,7.867664e-07,0.027660,9.727705e-07,1.423138e-02,93,0,0,1,1,
025_mug,s0_complete_epi_025_mug_t9,complete_epi,0,0.950886,0.020674,1.685274e-05,8.420841e-05,1071,0.013783,1.741913e-05,0.027566,2.191895e-05,5.630101e-01,343,0,0,1,1,
005_tomato_soup_can,s0_duarte_mcd_005_tomato_soup_can_t0,duarte_mcd,0,0.915292,,,,,,,,,5.316030e-01,944,1,0,1,1,1
005_tomato_soup_can,s0_duarte_mcd_005_tomato_soup_can_t1,duarte_mcd,1,0.899618,,,,,,,,,5.001530e-01,882,1,0,1,1,0
005_tomato_soup_can,s0_duarte_mcd_005_tomato_soup_can_t2,duarte_mcd,5,0.882996,,,,,,,,,5.143995e-01,979,1,0,1,1,
005_tomato_soup_can,s0_duarte_mcd_005_tomato_soup_can_t0,duarte_mcd,33,0.865862,,,,,,,,,5.365845e-01,894,1,0,1,1,1
005_tomato_soup_can,s0_duarte_mcd_005_tomato_soup_can_t1,duarte_mcd,1,0.900077,,,,,,,,,5.424986e-01,980,1,0,1,1,
006_mustard_bottle,s0_complete_epi_006_mustard_bottle_t0,complete_epi,21,0.950947,0.034088,3.579468e-05,2.613120e-04,2342,0.022725,1.006064e-04,0.045451,2.337587e-05,2.000222e+00,1010,1,0,1,1,1
006_mustard_bottle,s0_complete_epi_006_mustard_bottle_t1,complete_epi,43,0.935778,0.032913,9.576337e-05,2.011148e-04,831,0.021942,2.079882e-04,0.043884,5.922698e-05,1.701496e-01,168,1,0,1,1,0
006_mustard_bottle,s0_complete_epi_006_mustard_bottle_t2,complete_epi,267,0.890533,0.034727,3.221209e-05,2.228094e-04,2263,0.023151,3.919632e-05,0.046303,2.558533e-05,9.391291e-01,454,1,0,1,1,0
006_mustard_bottle,s0_complete_epi_006_mustard_bottle_t3,complete_epi,6,0.961508,0.034482,3.549907e-05,1.996801e-04,2869,0.022988,3.463617e-05,0.045976,2.751810e-05,2.435361e+00,984,1,0,1,1,1
006_mustard_bottle,s0_complete_epi_006_mustard_bottle_t4,complete_epi,227,0.860002,0.032972,1.271506e-05,2.886898e-05,1966,0.021982,7.377677e-06,0.043963,1.497049e-05,8.745906e-01,595,1,0,1,1,0
006_mustard_bottle,s0_complete_epi_006_mustard_bottle_t5,complete_epi,179,0.876539,0.034267,1.733991e-05,5.523121e-05,2380,0.022845,1.461008e-05,0.045689,1.786089e-05,9.993205e-01,675,1,0,1,1,0
006_mustard_bottle,s0_complete_epi_006_mustard_bottle_t6,complete_epi,3,0.941560,0.033974,8.812723e-05,4.388896e-04,2124,0.022650,2.234473e-04,0.045299,4.363743e-05,1.500148e+00,717,1,0,1,1,0
006_mustard_bottle,s0_complete_epi_006_mustard_bottle_t7,complete_epi,10,0.976800,0.029797,2.904759e-06,6.589779e-06,2740,0.019865,3.040713e-06,0.039729,2.839036e-06,1.357007e+00,1155,1,0,1,1,0
006_mustard_bottle,s0_complete_epi_006_mustard_bottle_t8,complete_epi,70,0.962854,0.033737,1.538338e-05,6.906670e-05,3310,0.022491,1.655221e-05,0.044982,1.481900e-05,1.992248e+00,722,1,0,1,1,1
006_mustard_bottle,s0_complete_epi_006_mustard_bottle_t9,complete_epi,2,0.937747,0.033778,5.655978e-06,4.087714e-06,689,0.022519,5.179612e-06,0.045037,5.118317e-06,6.927864e-02,166,1,0,1,1,0
035_power_drill,s0_complete_epi_035_power_drill_t0,complete_epi,18,0.916688,0.038846,1.988477e-06,8.451541e-06,780,0.025898,0.000000e+00,0.051795,2.623633e-06,0.000000e+00,105,1,0,1,1,0
035_power_drill,s0_complete_epi_035_power_drill_t1,complete_epi,273,0.860231,0.037675,3.279587e-06,1.177471e-05,1096,0.025117,1.207573e-06,0.050234,2.262480e-06,0.000000e+00,163,1,0,1,1,0
035_power_drill,s0_complete_epi_035_power_drill_t2,complete_epi,203,0.835697,0.041959,8.883800e-05,8.413343e-05,1018,0.027973,1.086406e-04,0.055945,9.629771e-05,1.576340e-01,79,1,0,1,1,0
035_power_drill,s0_complete_epi_035_power_drill_t3,complete_epi,31,0.910656,0.040368,0.000000e+00,0.000000e+00,532,0.026912,0.000000e+00,0.053824,9.072621e-07,0.000000e+00,82,1,0,1,1,0
035_power_drill,s0_complete_epi_035_power_drill_t4,complete_epi,137,0.905985,0.040848,1.578516e-06,5.205662e-06,897,0.027232,1.703982e-06,0.054464,2.260583e-06,0.000000e+00,96,1,0,1,1,0
035_power_drill,s0_complete_epi_035_power_drill_t5,complete_epi,308,0.812219,0.041902,3.263702e-05,1.176306e-04,3982,0.027934,4.089371e-04,0.055869,1.349926e-05,4.332940e-01,99,1,0,1,1,0
035_power_drill,s0_complete_epi_035_power_drill_t6,complete_epi,4,0.918281,0.037999,7.726239e-06,2.856209e-05,1958,0.025333,6.886533e-06,0.050666,8.087897e-06,8.639126e-01,457,1,0,1,1,0
035_power_drill,s0_complete_epi_035_power_drill_t7,complete_epi,188,0.893110,0.033698,2.572610e-05,1.263742e-04,1131,0.022466,1.554158e-05,0.044931,3.489110e-05,4.987551e-01,298,1,0,1,1,0
035_power_drill,s0_complete_epi_035_power_drill_t8,complete_epi,762,0.724436,0.049804,1.874024e-05,4.479986e-05,7176,0.033203,2.308712e-05,0.066406,2.078106e-05,4.735297e-01,128,1,0,1,1,0
035_power_drill,s0_complete_epi_035_power_drill_t9,complete_epi,7,0.932774,0.037413,5.736089e-06,1.157867e-05,2088,0.024942,4.124944e-06,0.049884,6.638169e-06,2.833331e-01,206,1,0,1,1,0
005_tomato_soup_can,s0_duarte_mcd_005_tomato_soup_can_t0,duarte_mcd,6,0.886588,,,,,,,,,5.843585e-01,1017,1,0,1,1,1
005_tomato_soup_can,s0_duarte_mcd_005_tomato_soup_can_t1,duarte_mcd,5,0.889143,,,,,,,,,3.697117e-01,756,1,0,1,1,1
005_tomato_soup_can,s0_duarte_mcd_005_tomato_soup_can_t2,duarte_mcd,0,0.898677,,,,,,,,,3.589665e-01,676,1,0,1,1,0
005_tomato_soup_can,s0_duarte_mcd_005_tomato_soup_can_t3,duarte_mcd,0,0.913718,,,,,,,,,4.393856e-01,783,1,0,1,1,1
005_tomato_soup_can,s0_duarte_mcd_005_tomato_soup_can_t4,duarte_mcd,23,0.872864,,,,,,,,,3.704634e-01,810,1,0,1,1,0
005_tomato_soup_can,s0_duarte_mcd_005_tomato_soup_can_t5,duarte_mcd,2,0.899598,,,,,,,,,4.662709e-01,869,1,0,1,1,1
005_tomato_soup_can,s0_duarte_mcd_005_tomato_soup_can_t6,duarte_mcd,0,0.895529,,,,,,,,,4.019520e-01,805,1,0,1,1,1
005_tomato_soup_can,s0_duarte_mcd_005_tomato_soup_can_t7,duarte_mcd,1305,0.397905,,,,,,,,,1.422278e+00,7211,1,0,1,1,0
005_tomato_soup_can,s0_duarte_mcd_005_tomato_soup_can_t8,duarte_mcd,3,0.899701,,,,,,,,,5.199655e-01,944,1,0,1,1,1
005_tomato_soup_can,s0_duarte_mcd_005_tomato_soup_can_t9,duarte_mcd,9,0.866221,,,,,,,,,4.850229e-01,834,1,0,1,1,1
010_potted_meat_can,s0_duarte_mcd_010_potted_meat_can_t0,duarte_mcd,54,0.862902,,,,,,,,,2.566062e-01,420,1,0,1,1,0
010_potted_meat_can,s0_duarte_mcd_010_potted_meat_can_t1,duarte_mcd,50,0.835930,,,,,,,,,2.474577e-01,435,1,0,1,1,0
010_potted_meat_can,s0_duarte_mcd_010_potted_meat_can_t2,duarte_mcd,176,0.836067,,,,,,,,,2.291421e-01,365,1,0,1,1,1
010_potted_meat_can,s0_duarte_mcd_010_potted_meat_can_t3,duarte_mcd,309,0.824092,,,,,,,,,3.917344e-01,379,1,0,1,1,0
010_potted_meat_can,s0_duarte_mcd_010_potted_meat_can_t4,duarte_mcd,81,0.878117,,,,,,,,,3.449346e-01,488,1,0,1,1,0
010_potted_meat_can,s0_duarte_mcd_010_potted_meat_can_t5,duarte_mcd,266,0.840323,,,,,,,,,3.084773e-01,425,1,0,1,1,0
010_potted_meat_can,s0_duarte_mcd_010_potted_meat_can_t6,duarte_mcd,72,0.841337,,,,,,,,,1.512953e-01,305,1,0,1,1,0
010_potted_meat_can,s0_duarte_mcd_010_potted_meat_can_t7,duarte_mcd,100,0.931687,,,,,,,,,2.870051e-01,574,1,0,1,1,0
010_potted_meat_can,s0_duarte_mcd_010_potted_meat_can_t8,duarte_mcd,1568,0.626811,,,,,,,,,1.022896e-01,165,1,0,1,1,0
010_potted_meat_can,s0_duarte_mcd_010_potted_meat_can_t9,duarte_mcd,116,0.830386,,,,,,,,,3.435152e-01,370,1,0,1,1,1
051_large_clamp,s0_duarte_mcd_051_large_clamp_t0,duarte_mcd,808,0.845274,,,,,,,,,0.000000e+00,96,1,0,1,1,0
051_large_clamp,s0_duarte_mcd_051_large_clamp_t1,duarte_mcd,1211,0.652059,,,,,,,,,0.000000e+00,122,1,0,1,1,0
051_large_clamp,s0_duarte_mcd_051_large_clamp_t2,duarte_mcd,9,0.971664,,,,,,,,,4.688201e-02,154,1,0,1,1,0
051_large_clamp,s0_duarte_mcd_051_large_clamp_t3,duarte_mcd,1004,0.820674,,,,,,,,,0.000000e+00,82,1,0,1,1,0
051_large_clamp,s0_duarte_mcd_051_large_clamp_t4,duarte_mcd,1078,0.748969,,,,,,,,,0.000000e+00,132,1,0,1,1,0
051_large_clamp,s0_duarte_mcd_051_large_clamp_t5,duarte_mcd,53,0.969933,,,,,,,,,1.795370e-01,256,1,0,1,1,1
051_large_clamp,s0_duarte_mcd_051_large_clamp_t6,duarte_mcd,825,0.841099,,,,,,,,,0.000000e+00,103,1,0,1,1,0
051_large_clamp,s0_duarte_mcd_051_large_clamp_t7,duarte_mcd,12,0.970807,,,,,,,,,1.439192e-01,298,1,0,1,1,0
051_large_clamp,s0_duarte_mcd_051_large_clamp_t8,duarte_mcd,43,0.928322,,,,,,,,,8.209141e-02,191,1,0,1,1,0
051_large_clamp,s0_duarte_mcd_051_large_clamp_t9,duarte_mcd,656,0.855680,,,,,,,,,0.000000e+00,94,1,0,1,1,0
010_potted_meat_can,s0_partial_only_010_potted_meat_can_t0,partial_only,705,0.772863,,,,,,,,,,,1,0,1,1,0
010_potted_meat_can,s0_partial_only_010_potted_meat_can_t1,partial_only,266,0.838432,,,,,,,,,,,1,0,1,1,0
010_potted_meat_can,s0_partial_only_010_potted_meat_can_t2,partial_only,590,0.850230,,,,,,,,,,,1,0,1,1,0
010_potted_meat_can,s0_partial_only_010_potted_meat_can_t3,partial_only,100,0.884240,,,,,,,,,,,1,0,1,1,0
010_potted_meat_can,s0_partial_only_010_potted_meat_can_t4,partial_only,478,0.842871,,,,,,,,,,,1,0,1,1,0
010_potted_meat_can,s0_partial_only_010_potted_meat_can_t5,partial_only,456,0.860996,,,,,,,,,,,1,0,1,1,0
010_potted_meat_can,s0_partial_only_010_potted_meat_can_t6,partial_only,476,0.816240,,,,,,,,,,,1,0,1,1,0
010_potted_meat_can,s0_partial_only_010_potted_meat_can_t7,partial_only,134,0.909437,,,,,,,,,,,1,0,1,1,0
010_potted_meat_can,s0_partial_only_010_potted_meat_can_t8,partial_only,1232,0.693139,,,,,,,,,,,1,0,1,1,0
010_potted_meat_can,s0_partial_only_010_potted_meat_can_t9,partial_only,763,0.749862,,,,,,,,,,,1,0,1,1,0
006_mustard_bottle,s0_complete_only_006_mustard_bottle_t0,complete_only,0,0.963308,0.034088,4.898990e-05,2.805400e-04,2020,0.022725,5.652439e-05,0.045451,3.083535e-05,1.207030e+00,484,1,0,1,1,0
006_mustard_bottle,s0_complete_only_006_mustard_bottle_t1,complete_only,9,0.946618,0.032913,3.606938e-04,2.908242e-03,701,0.021942,1.784095e-03,0.043884,1.322925e-04,1.181305e-01,155,1,0,1,1,0
006_mustard_bottle,s0_complete_only_006_mustard_bottle_t2,complete_only,75,0.916739,0.034727,6.696913e-05,4.770451e-04,670,0.023151,1.565267e-04,0.046303,3.645725e-05,7.818148e-02,105,1,0,1,1,0
006_mustard_bottle,s0_complete_only_006_mustard_bottle_t3,complete_only,8,0.960047,0.034482,4.362919e-05,2.360027e-04,2911,0.022988,6.922268e-05,0.045976,2.914038e-05,1.976912e+00,818,1,0,1,1,1
006_mustard_bottle,s0_complete_only_006_mustard_bottle_t4,complete_only,121,0.873328,0.032972,1.580989e-05,5.259637e-05,1898,0.021982,8.893111e-06,0.043963,1.597095e-05,9.049082e-01,597,1,0,1,1,1
006_mustard_bottle,s0_complete_only_006_mustard_bottle_t5,complete_only,90,0.897070,0.034267,3.297723e-05,1.539078e-04,1708,0.022845,5.110912e-05,0.045689,2.724645e-05,9.862631e-01,410,1,0,1,1,0
006_mustard_bottle,s0_complete_only_006_mustard_bottle_t6,complete_only,0,0.950502,0.033974,1.591058e-04,4.631600e-04,2066,0.022650,2.928810e-04,0.045299,6.910103e-05,1.391736e+00,629,1,0,1,1,1
006_mustard_bottle,s0_complete_only_006_mustard_bottle_t7,complete_only,24,0.973957,0.029797,3.762385e-06,6.665766e-06,2665,0.019865,3.842526e-06,0.039729,3.908200e-06,1.427039e+00,1212,1,0,1,1,0
006_mustard_bottle,s0_complete_only_006_mustard_bottle_t8,complete_only,70,0.962459,0.033737,1.622482e-05,6.906670e-05,3676,0.022491,2.431401e-05,0.044982,1.500863e-05,1.852494e+00,670,1,0,1,1,1
006_mustard_bottle,s0_complete_only_006_mustard_bottle_t9,complete_only,4,0.928270,0.033778,5.655978e-06,4.087714e-06,689,0.022519,5.179612e-06,0.045037,5.118317e-06,4.408811e-02,149,1,0,1,1,0
061_foam_brick,s0_complete_only_061_foam_brick_t0,complete_only,660,0.892780,0.016408,5.430773e-06,2.334896e-05,695,0.010939,5.516455e-06,0.021877,7.759731e-06,5.055402e-01,718,1,0,1,1,0
061_foam_brick,s0_complete_only_061_foam_brick_t1,complete_only,360,0.950262,0.017103,1.491371e-05,9.845413e-05,582,0.011402,8.815905e-06,0.022804,2.716429e-05,3.537092e-01,665,1,0,1,1,0
061_foam_brick,s0_complete_only_061_foam_brick_t2,complete_only,977,0.738638,0.016701,6.980551e-06,1.575994e-05,467,0.011134,8.763369e-06,0.022268,4.781788e-06,3.469236e-01,558,1,0,1,1,1
061_foam_brick,s0_complete_only_061_foam_brick_t3,complete_only,1603,0.571437,0.015986,1.297415e-04,2.059360e-04,492,0.010657,1.241057e-04,0.021314,1.111872e-04,5.187392e-01,484,1,0,1,1,0
061_foam_brick,s0_complete_only_061_foam_brick_t4,complete_only,630,0.894593,0.016516,9.054497e-06,3.662510e-05,546,0.011010,1.356827e-05,0.022021,6.419809e-06,4.140902e-01,529,1,0,1,1,0
061_foam_brick,s0_complete_only_061_foam_brick_t5,complete_only,799,0.852379,0.016675,9.008068e-06,1.738684e-05,475,0.011117,9.094056e-06,0.022234,9.491404e-06,5.676846e-01,746,1,0,1,1,1
061_foam_brick,s0_complete_only_061_foam_brick_t6,complete_only,364,0.891892,0.016300,4.575928e-04,1.015157e-03,600,0.010867,7.140076e-04,0.021733,2.006534e-04,5.599102e-01,715,1,0,1,1,0
061_foam_brick,s0_complete_only_061_foam_brick_t7,complete_only,401,0.903519,0.017724,3.754766e-07,7.360254e-07,893,0.011816,3.688645e-07,0.023633,3.632235e-07,2.318433e-01,744,1,0,1,1,0
061_foam_brick,s0_complete_only_061_foam_brick_t8,complete_only,1509,0.781222,0.016239,4.825790e-05,2.490789e-04,583,0.010826,5.440300e-05,0.021652,4.600216e-05,6.177614e-01,558,1,0,1,1,0
061_foam_brick,s0_complete_only_061_foam_brick_t9,complete_only,213,0.930036,0.016313,9.636528e-04,1.588464e-03,399,0.010876,1.258814e-03,0.021751,7.045007e-04,4.976176e-01,562,1,0,1,1,1
010_potted_meat_can,s0_complete_epi_010_potted_meat_can_t0,complete_epi,0,0.911842,0.021176,2.448418e-04,7.962090e-04,600,0.014117,2.344616e-04,0.028234,2.579529e-04,3.955049e+00,574,0,0,1,1,
010_potted_meat_can,s0_complete_epi_010_potted_meat_can_t1,complete_epi,0,0.888055,0.021169,3.831000e-05,3.387606e-06,492,0.014113,6.187441e-05,0.028226,3.181110e-05,1.890931e-01,320,0,0,1,1,
010_potted_meat_can,s0_complete_epi_010_potted_meat_can_t2,complete_epi,0,0.814919,0.021767,8.466001e-05,1.724731e-04,752,0.014511,9.324823e-05,0.029022,7.313609e-05,1.364162e+00,403,0,0,1,1,
010_potted_meat_can,s0_complete_epi_010_potted_meat_can_t3,complete_epi,0,0.887931,0.020623,1.338459e-04,2.614507e-04,631,0.013749,1.493766e-04,0.027497,1.271328e-04,2.711101e+00,553,0,0,1,1,
010_potted_meat_can,s0_complete_epi_010_potted_meat_can_t4,complete_epi,0,0.787135,0.022095,1.663226e-05,5.103307e-05,874,0.014730,1.791161e-05,0.029459,1.321766e-05,9.753411e-01,788,0,0,1,1,
010_potted_meat_can,s0_complete_epi_010_potted_meat_can_t5,complete_epi,0,0.761566,0.021812,4.507349e-06,1.882190e-05,595,0.014541,4.304087e-06,0.029082,4.724575e-06,6.065631e-01,537,0,0,1,1,
010_potted_meat_can,s0_complete_epi_010_potted_meat_can_t6,complete_epi,0,0.872453,0.021263,8.590283e-05,6.479073e-04,416,0.014175,1.555136e-04,0.028350,5.374790e-05,5.730447e-01,569,0,0,1,1,
010_potted_meat_can,s0_complete_epi_010_potted_meat_can_t7,complete_epi,0,0.920543,0.020529,6.550929e-05,3.166038e-04,305,0.013686,1.133232e-04,0.027372,4.190890e-05,9.911907e-01,251,0,0,1,1,
010_potted_meat_can,s0_complete_epi_010_potted_meat_can_t8,complete_epi,0,0.924151,0.020466,1.389526e-05,3.942759e-05,568,0.013644,2.123836e-05,0.027288,1.345252e-05,7.371946e-01,511,0,0,1,1,
010_potted_meat_can,s0_complete_epi_010_potted_meat_can_t9,complete_epi,0,0.855374,0.021063,2.372715e-05,1.260611e-04,762,0.014042,3.043889e-05,0.028084,2.045707e-05,1.570583e+00,901,0,0,1,1,
035_power_drill,s0_partial_only_035_power_drill_t0,partial_only,8,0.941782,,,,,,,,,,,1,0,1,1,0
035_power_drill,s0_partial_only_035_power_drill_t1,partial_only,1,0.954779,,,,,,,,,,,1,0,1,1,0
035_power_drill,s0_partial_only_035_power_drill_t2,partial_only,319,0.880431,,,,,,,,,,,1,0,1,1,0
035_power_drill,s0_partial_only_035_power_drill_t3,partial_only,33,0.916683,,,,,,,,,,,1,0,1,1,0
035_power_drill,s0_partial_only_035_power_drill_t4,partial_only,132,0.901649,,,,,,,,,,,1,0,1,1,0
035_power_drill,s0_partial_only_035_power_drill_t5,partial_only,641,0.818317,,,,,,,,,,,1,0,1,1,0
035_power_drill,s0_partial_only_035_power_drill_t6,partial_only,0,0.955389,,,,,,,,,,,1,0,1,1,0
035_power_drill,s0_partial_only_035_power_drill_t7,partial_only,413,0.880534,,,,,,,,,,,1,0,1,1,0
035_power_drill,s0_partial_only_035_power_drill_t8,partial_only,1159,0.659250,,,,,,,,,,,1,0,1,1,0
035_power_drill,s0_partial_only_035_power_drill_t9,partial_only,0,0.958245,,,,,,,,,,,1,0,1,1,0
021_bleach_cleanser,s0_complete_only_021_bleach_cleanser_t0,complete_only,7,0.942858,0.042568,1.043213e-04,3.856199e-04,2891,0.028379,1.737391e-04,0.056757,5.151965e-05,2.051498e+00,317,1,0,1,1,1
021_bleach_cleanser,s0_complete_only_021_bleach_cleanser_t1,complete_only,18,0.926204,0.042328,8.176824e-05,2.986592e-04,2065,0.028219,2.142901e-04,0.056438,2.765436e-05,1.200132e+00,278,1,0,1,1,1
021_bleach_cleanser,s0_complete_only_021_bleach_cleanser_t2,complete_only,220,0.929083,0.043576,2.109254e-05,1.078833e-04,2822,0.029051,2.189158e-05,0.058102,1.925822e-05,8.498042e-01,456,1,0,1,1,0
021_bleach_cleanser,s0_complete_only_021_bleach_cleanser_t3,complete_only,0,0.959995,0.042336,7.795410e-05,2.629958e-04,3846,0.028224,1.352373e-04,0.056448,3.469850e-05,3.279973e+00,961,1,0,1,1,1
021_bleach_cleanser,s0_complete_only_021_bleach_cleanser_t4,complete_only,31,0.904798,0.042603,4.481245e-05,1.851957e-04,1885,0.028402,1.171234e-04,0.056804,2.486152e-05,1.547692e+00,500,1,0,1,1,1
021_bleach_cleanser,s0_complete_only_021_bleach_cleanser_t5,complete_only,178,0.937101,0.043399,1.693618e-05,7.217332e-05,2379,0.028932,1.961410e-05,0.057865,1.518136e-05,1.172980e+00,701,1,0,1,1,1
021_bleach_cleanser,s0_complete_only_021_bleach_cleanser_t6,complete_only,2,0.953958,0.042174,1.701588e-06,1.213316e-05,604,0.028116,1.592310e-06,0.056231,3.376922e-06,1.962121e-02,120,1,0,1,1,0
021_bleach_cleanser,s0_complete_only_021_bleach_cleanser_t7,complete_only,18,0.954635,0.038187,2.685919e-06,4.158094e-06,1985,0.025458,2.897062e-06,0.050917,2.359099e-06,7.095980e-01,663,1,0,1,1,0
021_bleach_cleanser,s0_complete_only_021_bleach_cleanser_t8,complete_only,264,0.918909,0.042675,6.986636e-06,2.611113e-05,2365,0.028450,6.488980e-06,0.056900,8.073587e-06,5.098942e-01,273,1,0,1,1,0
021_bleach_cleanser,s0_complete_only_021_bleach_cleanser_t9,complete_only,33,0.931053,0.042309,2.402089e-06,2.053579e-05,647,0.028206,8.300368e-07,0.056413,4.880382e-06,5.400013e-03,132,1,0,1,1,0
051_large_clamp,s0_complete_only_051_large_clamp_t0,complete_only,1055,0.798415,0.030452,1.860491e-06,7.540381e-06,524,0.020301,1.334629e-06,0.040603,2.338182e-06,0.000000e+00,111,1,0,1,1,0
051_large_clamp,s0_complete_only_051_large_clamp_t1,complete_only,1155,0.714829,0.032363,1.159760e-06,3.954167e-06,1075,0.021576,9.168117e-07,0.043151,1.177957e-06,7.778717e-03,192,1,0,1,1,0
051_large_clamp,s0_complete_only_051_large_clamp_t2,complete_only,13,0.966707,0.031795,1.548422e-06,3.012762e-06,1817,0.021197,1.661152e-06,0.042394,1.658661e-06,0.000000e+00,97,1,0,1,1,0
051_large_clamp,s0_complete_only_051_large_clamp_t3,complete_only,1050,0.806364,0.030838,1.064520e-05,1.018355e-04,463,0.020559,4.637293e-06,0.041118,1.156574e-05,0.000000e+00,136,1,0,1,1,0
051_large_clamp,s0_complete_only_051_large_clamp_t4,complete_only,1041,0.783216,0.029597,2.299601e-06,5.951976e-06,917,0.019731,2.454533e-06,0.039462,2.287644e-06,0.000000e+00,97,1,0,1,1,0
051_large_clamp,s0_complete_only_051_large_clamp_t5,complete_only,38,0.966484,0.031750,1.822064e-06,9.802595e-06,1105,0.021167,1.525609e-06,0.042334,2.048744e-06,4.528402e-02,212,1,0,1,1,1
051_large_clamp,s0_complete_only_051_large_clamp_t6,complete_only,1007,0.803652,0.030918,5.364817e-07,2.846841e-06,772,0.020612,0.000000e+00,0.041224,6.724896e-07,0.000000e+00,181,1,0,1,1,0
051_large_clamp,s0_complete_only_051_large_clamp_t7,complete_only,1084,0.851695,0.020423,4.368233e-07,2.180958e-06,1204,0.013615,5.167642e-07,0.027231,8.903226e-07,1.719596e-01,397,1,0,1,1,0
051_large_clamp,s0_complete_only_051_large_clamp_t8,complete_only,447,0.867789,0.031011,7.467897e-05,3.430337e-04,1379,0.020674,2.279357e-04,0.041348,3.950730e-05,2.917264e-01,236,1,0,1,1,0
051_large_clamp,s0_complete_only_051_large_clamp_t9,complete_only,768,0.845636,0.030421,2.243831e-05,1.478469e-04,423,0.020281,3.301227e-05,0.040562,3.447576e-05,2.299417e-02,104,1,0,1,1,0
035_power_drill,s0_complete_epi_035_power_drill_t0,complete_epi,0,0.934544,0.038846,3.139480e-04,1.177141e-03,405,0.025898,4.136304e-04,0.051795,4.137222e-04,4.402814e-01,46,0,0,1,1,
035_power_drill,s0_complete_epi_035_power_drill_t1,complete_epi,0,0.960768,0.037675,2.048022e-06,6.547328e-06,1294,0.025117,1.439694e-06,0.050234,3.675248e-06,2.968997e-01,278,0,0,1,1,
035_power_drill,s0_complete_epi_035_power_drill_t2,complete_epi,0,0.969505,0.041959,2.750707e-04,1.220331e-03,860,0.027973,2.923528e-04,0.055945,2.233301e-04,7.883443e-01,213,0,0,1,1,
035_power_drill,s0_complete_epi_035_power_drill_t3,complete_epi,0,0.937907,0.040368,5.188513e-05,1.637558e-04,1121,0.026912,3.112146e-05,0.053824,1.057476e-04,3.379586e-01,183,0,0,1,1,
035_power_drill,s0_complete_epi_035_power_drill_t4,complete_epi,0,0.954300,0.034623,3.451697e-06,1.389845e-05,1422,0.023082,2.597408e-06,0.046164,5.041948e-06,1.587471e-01,162,0,0,1,1,
035_power_drill,s0_complete_epi_035_power_drill_t5,complete_epi,0,0.963167,0.037510,2.753895e-04,1.535775e-03,895,0.025007,3.682178e-04,0.050013,1.346699e-04,6.282136e-01,51,0,0,1,1,
035_power_drill,s0_complete_epi_035_power_drill_t6,complete_epi,0,0.934410,0.037999,3.813795e-06,1.332375e-05,1108,0.025333,4.112808e-06,0.050666,3.369592e-06,0.000000e+00,96,0,0,1,1,
035_power_drill,s0_complete_epi_035_power_drill_t7,complete_epi,0,0.954125,0.033698,2.603647e-05,3.874281e-05,1453,0.022466,4.012292e-05,0.044931,2.655687e-05,1.052970e-01,39,0,0,1,1,
035_power_drill,s0_complete_epi_035_power_drill_t8,complete_epi,0,0.937051,0.049804,9.396845e-06,2.142662e-05,4814,0.033203,8.485342e-06,0.066406,1.085558e-05,1.076492e-02,64,0,0,1,1,
035_power_drill,s0_complete_epi_035_power_drill_t9,complete_epi,0,0.983033,0.024208,1.008110e-03,1.629895e-03,1593,0.016139,1.154971e-03,0.032278,7.612751e-04,2.793224e+00,766,0,0,1,1,
021_bleach_cleanser,s0_duarte_mcd_021_bleach_cleanser_t0,duarte_mcd,27,0.925401,,,,,,,,,0.000000e+00,107,1,0,1,1,0
