object,trial,arm,grasp_id,confidence,patch_radius,patch_epi_mean,patch_epi_p95,patch_n,sens_lo_radius,patch_epi_mean_sens_lo,sens_hi_radius,patch_epi_mean_sens_hi,duarte_sigma_sum,duarte_box_n,geometry_gate_pass,uq_rejected,chosen,executed,lift_success,support_d_obs_mm
022_windex_bottle,s0_partial_only_022_windex_bottle_t0,partial_only,754,0.837424,,,,,,,,,,,1,0,1,1,0,
022_windex_bottle,s0_partial_only_022_windex_bottle_t1,partial_only,426,0.837500,,,,,,,,,,,1,0,1,1,1,
002_master_chef_can,s0_partial_only_002_master_chef_can_t0,partial_only,85,0.824302,,,,,,,,,,,1,0,1,1,0,
002_master_chef_can,s0_partial_only_002_master_chef_can_t1,partial_only,655,0.765468,,,,,,,,,,,1,0,1,1,0,
003_cracker_box,s0_partial_only_003_cracker_box_t0,partial_only,800,0.745123,,,,,,,,,,,1,0,1,1,0,
003_cracker_box,s0_partial_only_003_cracker_box_t1,partial_only,1740,0.415954,,,,,,,,,,,1,0,1,1,0,
004_sugar_box,s0_partial_only_004_sugar_box_t0,partial_only,326,0.907814,,,,,,,,,,,1,0,1,1,0,
004_sugar_box,s0_partial_only_004_sugar_box_t1,partial_only,673,0.946717,,,,,,,,,,,1,0,1,1,0,
007_tuna_fish_can,s0_partial_only_007_tuna_fish_can_t0,partial_only,1199,0.674856,,,,,,,,,,,1,0,1,1,0,
007_tuna_fish_can,s0_partial_only_007_tuna_fish_can_t1,partial_only,534,0.709975,,,,,,,,,,,1,0,1,1,0,
008_pudding_box,s0_partial_only_008_pudding_box_t0,partial_only,209,0.853139,,,,,,,,,,,1,0,1,1,1,
008_pudding_box,s0_partial_only_008_pudding_box_t1,partial_only,0,0.968073,,,,,,,,,,,1,0,1,1,1,
009_gelatin_box,s0_partial_only_009_gelatin_box_t0,partial_only,0,0.980559,,,,,,,,,,,1,0,1,1,1,
009_gelatin_box,s0_partial_only_009_gelatin_box_t1,partial_only,0,0.970314,,,,,,,,,,,1,0,1,1,1,
019_pitcher_base,s0_partial_only_019_pitcher_base_t0,partial_only,377,0.906500,,,,,,,,,,,1,0,1,1,0,
019_pitcher_base,s0_partial_only_019_pitcher_base_t1,partial_only,186,0.905060,,,,,,,,,,,1,0,1,1,1,
024_bowl,s0_partial_only_024_bowl_t0,partial_only,814,0.917159,,,,,,,,,,,1,0,1,1,0,
024_bowl,s0_partial_only_024_bowl_t1,partial_only,1509,0.538324,,,,,,,,,,,1,0,1,1,0,
036_wood_block,s0_partial_only_036_wood_block_t0,partial_only,332,0.947457,,,,,,,,,,,1,0,1,1,0,
036_wood_block,s0_partial_only_036_wood_block_t1,partial_only,1548,0.711756,,,,,,,,,,,1,0,1,1,0,
037_scissors,s0_partial_only_037_scissors_t0,partial_only,1953,0.057042,,,,,,,,,,,1,0,1,1,0,
037_scissors,s0_partial_only_037_scissors_t1,partial_only,1952,0.065877,,,,,,,,,,,1,0,1,1,0,
040_large_marker,s0_partial_only_040_large_marker_t0,partial_only,1907,0.459720,,,,,,,,,,,1,0,1,1,0,
040_large_marker,s0_partial_only_040_large_marker_t1,partial_only,0,0.964773,,,,,,,,,,,0,0,1,1,,
052_extra_large_clamp,s0_partial_only_052_extra_large_clamp_t0,partial_only,3,0.972687,,,,,,,,,,,1,0,1,1,1,
052_extra_large_clamp,s0_partial_only_052_extra_large_clamp_t1,partial_only,96,0.952542,,,,,,,,,,,1,0,1,1,0,
